SampleID,EOVXX,EOVYY,OID_,esrignss_l,esrignss_1,esrignss_a,Medián_As,Medián_Ca,Medián_Cd,Medián_Co,Medián_Cr,Medián_Cu,Medián_Fe,Medián_K,Medián_Mn,Medián_Mo,Medián_Ni,Medián_Pb,Medián_Ti,Medián_V,Medián_Zn,Medián_As_Gi_Zscore,Medián_Ca_Gi_Zscore,Medián_Cd_Gi_Zscore,Medián_Co_Gi_Zscore,Medián_Cr_Gi_Zscore,Medián_Cu_Gi_Zscore,Medián_Fe_Gi_Zscore,Medián_K_Gi_Zscore,Medián_Mn_Gi_Zscore,Medián_Mo_Gi_Zscore,Medián_Ni_Gi_Zscore,Medián_Pb_Gi_Zscore,Medián_Ti_Gi_Zscore,Medián_V_Gi_Zscore,Medián_Zn_Gi_Zscore
02_0001_S,845588.4737,253695.1635,,47.59786309,21.64879888,128.4968723,9.688160896,23388.96484,2.54739356,8.905649185,79.5664444,17.50079918,11061.93262,8237.810547,520.2156982,1.462628007,11.34127522,4.735413551,2890.820313,87.09283447,35.59247971,-0.8133294608187773,-1.2002956756685776,1.089335736832825,-0.2911944772134196,-0.13651692163077864,-0.5292415987560871,-0.19592016567470527,-1.374408946502802,-0.08925006789004747,0.5523689007730093,-0.6888065768028172,-0.8464620745348074,0.726268340718643,6.446739601229565e-06,-1.2910483161588453
09_0021_S,842298.8724,235140.6292,22.0,47.43203495,21.59703556,101.2800808,12.32125473,24633.68359,1.57632339,9.238823891,76.14826202,19.36,11086.35449,11195.98633,492.9845276,1.204558372,17.19197655,30.03517914,2453.642578,85.02,61.40470886,-0.20610801240229423,-0.8723019310731385,-0.23875707537516538,-0.1377545107482347,-0.26845384217800805,-0.5164160573198178,-0.1855970961568664,0.015033112650852607,-0.2829217330552526,-0.1557302738111853,-0.09538543538375022,-0.16880344790008975,-0.35201482008144397,-0.10874995868335863,-0.9856463458489739
11_0001_S,845825.0044,248689.6706,28.0,47.55279503,21.64972795,178.38,12.29943371,28420.17773,1.28398478,11.45494175,105.9797058,45.3484993,13544.04785,15046.83008,611.850708,0.919548988,26.16305923,29.4760685,3054.259277,111.7898102,117.4691696,-0.04369355515106911,-1.020044112293008,-1.4856120142007427,0.7695301350129483,1.4651497352501448,-0.4327607661459932,0.7128866979122513,1.2782615023654276,-0.14327353345124527,-1.926837343719979,1.4380476316655315,0.07415443271746402,1.452515638337089,1.1462250104548641,0.047763997267577844
11_0002_S,845786.6969,248448.0678,29.0,,,,11.75390244,25837.57227,0.330709189,10.45541763,102.5615158,36.78791046,12569.27637,14369.18457,541.3954468,0.556475759,34.06150818,24.37417984,2966.501221,100.4761124,152.4624329,-0.28906601326648174,-1.346302007699608,-1.778883844747202,0.3978616148707271,1.4715853790268865,-0.5944347228205885,0.35100200642889606,1.1699612230150398,-0.2362275478768322,-2.331739559026442,1.8455305398580748,-0.18271516354876308,1.6071651866242178,1.1641014330115391,-0.22121952410207346
11_0003_S,845612.306,247789.1713,30.0,47.54476346,21.64650597,172.52,13.44868374,26476.15625,1.027236819,10.98715019,109.7086258,50.19607162,13152.75879,12544.75977,571.6523438,0.777809441,24.89540482,40.58839798,3085.658447,109.3063049,149.0007324,-0.7546320741891813,-1.5273746329761824,-2.271626475714768,-0.26324401907833017,1.3299245008346687,-0.8546137828485028,-0.14811578412105694,1.3798858519417248,-0.12451118210922271,-2.6060845653321825,1.6523411775095158,-0.6963338326754741,1.9436330548505798,1.677088768271358,-0.8829216574979122
11_0004_S,845447.2237,247552.9657,31.0,,,,11.33202553,25066.03516,1.078077435,9.755413055,82.05239868,35.7565155,12415.57617,11880.14551,613.5796509,0.878221095,18.45963097,21.29906845,2636.403809,81.29800415,112.7281494,-0.2760185549729458,-1.3256882296312624,-1.024863487691532,-0.04050929359498645,0.55283854987934,-0.12797753839738027,0.03372009819613108,0.3114993403589938,-0.3278966842515616,-1.3234389601364926,0.27232044965367597,-0.1629203689517475,1.2454145035527495,0.9765031422876245,0.03412792189621029
11_0005_S,845697.4293,247043.7221,32.0,,,,27.26151657,29295.35156,3.289676666,23.90356636,128.9747772,110.1202011,27514.8125,11867.11426,813.2749634,2.151732922,19.23972511,173.3772278,2526.907959,101.3039322,315.0117493,4.741648109827239,0.2057380405905081,1.3836310798140101,5.127122720440672,1.4323721633197626,-0.16549470988375267,5.139361768574576,-0.03514039523468688,1.208777204318268,1.7089760291183436,0.12434477510589327,5.359975356792929,-0.23474650125496951,0.6937161565375852,1.8208998340854095
11_0006_S,845300.5969,246965.3028,33.0,,,,28.13436508,27692.60742,1.637333155,10.85590076,89.51026917,44.52338409,12664.47656,10355.44922,491.6877747,1.248335958,18.75216293,181.2047882,2531.738525,91.50792694,191.218399,3.0626551346862136,-0.682081077750442,-0.018457157423086963,3.142921737398257,0.8091915061772672,0.15423164003008122,3.2209579557718477,-0.7060351592613237,0.2992366616015892,0.3589478109192228,0.00570385242815927,3.5641865071376184,-0.3618646655783485,0.07565711030765841,2.1974098181007005
11_0007_S,845339.1357,246566.7592,34.0,47.53385592,21.64234035,168.24,9.69543457,23912.39648,1.306863546,8.217424393,73.35157013,24.10173607,10306.9502,11645.57715,465.3210754,1.210680723,18.84968376,4.735413551,2225.794678,80.60813904,77.28337097,2.115167440739711,-0.47133243386213897,-1.2477727275544503,0.8602942562055063,0.9423408983246335,-0.5660887050270829,0.9379099613399594,-0.18096605674016678,-0.1464746064862018,-0.9901628845669386,0.5152644311758585,2.495509748458175,-0.029434893741059048,0.4882592898894645,1.5613985418369727
11_0010_S,845201.531,246621.2546,36.0,47.53438687,21.64053774,163.66,20.68605614,27638.17188,1.398377776,12.34508991,79.25570679,54.63106918,15171.15039,10277.25781,699.5956421,1.042002439,16.60690498,110.2675934,2507.584961,80.05625916,260.000824,1.7358116499203824,-0.5055734032269296,-2.05777587534844,0.45516508850150866,0.4923989348491374,-0.796192738758286,0.5993732726013611,-0.06696874740750115,-0.4430506168495528,-1.7568084178526633,0.8082976135966592,2.100870655896327,0.3463573394752253,0.6262447908931927,1.121413678507654
11_0011_S,845273.8719,246193.9274,37.0,47.53052373,21.6413098,161.12,14.44518661,26440.56445,1.329742432,9.592190742,61.85403442,27.60847855,11710.125,10205.58398,417.3423462,1.087616324,13.29151344,50.44272614,2295.8396,79.0904541,136.9600372,1.591316780684127,-0.46462959980294455,-1.7763053773559327,0.7755988268416795,-0.2626919485089611,-0.9040271207399642,0.9661909085428897,0.16764774130668197,-0.04164003950450716,-1.2417090426647892,0.31626553415944325,1.9661192973384707,0.08027390885747034,0.4271223660996352,0.8744080031605449
11_0011_S,845254.5481,245868.7248,38.0,47.52760601,21.64091011,159.8,14.44518661,26440.56445,1.329742432,9.592190742,61.85403442,27.60847855,11710.125,10205.58398,417.3423462,1.087616324,13.29151344,50.44272614,2295.8396,79.0904541,136.9600372,1.2960654211262699,0.04750649511533911,-1.1221877907314526,0.7156522192744103,-0.5339620799917585,-0.8706775405817413,0.8632890919339019,0.635113433619476,-0.02954824164391278,-0.7609928230178299,0.4751151905001475,1.6378462002869245,-0.02777511320015992,0.3488202411739533,0.6858742511567602
11_0012_S,845261.9197,245934.3315,39.0,,,,20.49693871,28903.82617,1.215349317,11.3102293,82.67389679,53.18712234,13672.91406,11332.82031,647.7267456,1.085778832,20.79990959,109.2192612,2688.736084,93.85344696,267.601532,1.2861687469222969,0.49589679823202903,-1.393407323451636,0.603379303098832,-0.6165226849277203,-0.882571443669581,0.7895772433109605,0.7926072943796817,0.04199410258624259,-0.9834546389859882,0.5594030349977596,1.6286422895339165,0.34909437380643515,0.6050818481971895,0.5866459142946895
11_0014_S,845219.3346,245894.6932,40.0,,,,13.73963451,26130.69336,1.380584121,10.46046543,73.04083252,38.74756622,12338.03516,12714.1709,573.3812866,1.308643818,22.65263748,43.94305801,2448.006592,84.60932922,118.6732407,1.169363418276976,0.19731410078750597,-1.4548383686828366,0.4354800164131514,-0.6557019539328403,-0.9653125382417885,0.6187252917985452,0.8077618031348943,-0.1035712862896032,-1.0956360906756604,0.617391088047216,1.5063318796274203,0.36647159164481674,0.6497487491883782,0.6192348877467608
11_0015_S,845545.4191,245990.4946,41.0,,,,16.03086281,24505.96484,2.582982063,9.910222054,58.12511063,123.940918,11517.79199,8192.202148,521.9446411,1.716106176,4.807991982,65.11938477,2276.516602,69.84633636,129.1335907,1.6143838664485017,-0.2934868516314134,-1.2065142264941715,0.9587053533911414,0.07114665201763873,-0.6120704988582422,0.9999748455144017,0.0253289616585098,-0.22988221660641758,-0.7267882233022268,0.20473815385562064,1.9587837097895202,0.04851516922645697,0.38942669870742447,0.859407517353694
04_0002_S,844106.249,244644.1332,43.0,47.51693861,21.62513301,115.9245462,35.66996002,26308.66016,5.244526863,11.74100208,125.8673248,92.7927475,13892.56543,8478.896484,1174.196167,1.25323391,41.08233261,0.961412549,3421.39209,128.2084656,257.3669128,3.5592885388765754,0.27427372059798094,4.140269853444902,0.12018528351608795,-0.015015708811517687,-0.2392323924802014,0.23473893549412644,-1.8056734400043453,3.098531681329663,0.9785685997617061,0.35602383590236814,-0.7658581593043227,0.6913597453418686,0.2620762185209196,0.839352799815565
04_0004_S,843706.8613,244220.5236,47.0,47.51324869,21.6196481,110.9272247,11.07017136,31747.09766,1.553444505,9.053726196,98.52185059,25.85510826,11131.4707,12805.39063,520.6478882,0.976795256,20.11732674,2.848411083,2969.721924,101.5798874,58.16877365,-0.49462209656127704,1.0021418480353421,-0.2700475872851678,-0.2229992295162405,0.595134477388632,-0.471610095948907,-0.1665265756680006,0.7709631819366459,-0.08617627579358328,-0.7806735161276405,0.20132508714779118,-0.8970057642153625,0.9208763266475207,0.7601056368302389,-1.0239328875957603
04_0010_S,842457.2449,243278.582,58.0,47.50514913,21.60265798,111.3083269,13.52869606,38444.91016,2.359280109,9.040265083,107.5334167,60.61317062,10606.34961,12720.68555,783.0181885,1.22813046,40.88731003,7.11163044,2880.35376,115.7909851,222.6746979,0.07234171992901645,2.767071156341448,0.8320606913510552,-0.2291985978659617,0.9429679601243248,-0.23183450837003833,-0.38849407927658197,0.7311775811443164,1.7798357916052316,-0.09105247451865686,2.307969486855467,-0.7828146914030806,0.7004529641612759,1.5057261508341813,0.9224481514706174
03_0006_S,838150.0119,255862.2955,72.0,47.61952817,21.55085767,149.8454085,10.06639481,24583.43359,2.633823872,8.688580513,63.09701157,16.15998077,10474.03516,8908.938477,417.7746277,1.668961406,5.393064499,7.880412102,2606.614502,76.74493408,56.51317596,-0.7261044093854921,-0.8855432240687817,1.207542926869456,-0.3911630797288887,-0.7722133266744579,-0.5384911224713186,-0.444423099681842,-1.0591831311967714,-0.8178244283709424,1.1185126453520695,-1.2921178375157187,-0.7622227407219491,0.02528492901120034,-0.5429218316053855,-1.0435213854983705
03_0011_S,838174.7983,252888.7756,81.0,47.59278949,21.54992164,153.4107616,10.83741093,27213.14648,2.521972179,9.220314026,61.85403442,18.01649666,11342.56738,9664.772461,439.3866272,1.638041735,12.99898243,15.70795727,2294.229248,73.29562378,67.04878235,-0.5482993045717238,-0.19259200275714466,1.0545679575048894,-0.14627902660651504,-0.8201904558180386,-0.5256841028002066,-0.07729648384354232,-0.7041712576149265,-0.6641170467751406,1.0336743283082421,-0.5206697246184967,-0.5525605804221563,-0.7452020654155804,-0.7238984579813402,-0.9188674886490443
03_0014_S,840465.188,252635.7406,86.0,47.58985163,21.58025065,130.0767562,10.08094215,25989.36719,1.352621317,8.330164909,93.23918915,20.59498215,10384.9043,11971.36816,399.1882629,0.931181431,23.04267693,8.159963608,3187.908203,104.2013474,68.17759705,-0.7227496269803441,-0.5150680254614283,-0.5447052183680935,-0.556227465674078,0.3912313484142224,-0.5078966361967796,-0.4820985137252692,0.3792265228926702,-0.9500130982250379,-0.9058300919182324,0.4980356096793326,-0.7547349049567041,1.4590249369909307,0.8976470424206582,-0.9055117171853949
06_0012_S,844652.4962,250308.9989,95.0,47.5677021,21.63486984,181.063623,18.92,24758.26,0.96,11.16,92.31,53.81,13433.53,12368.83,615.31,1.4,23.435,92.66,2510.81,96.34,133.8,1.3156378550793193,-0.8394750107715393,-1.0816772777892318,0.7470221317459741,0.3553659844786392,-0.2787656121788352,0.8065487125096613,0.565912588196248,0.5870731077771977,0.38052830409625116,0.5378278996755188,1.508613283410828,-0.21101342967680137,0.48518193853557573,-0.1290886101017391
06_0013_S,844696.5042,249789.6712,96.0,47.56302042,21.63522604,169.76,11.83,24090.36,1.62,9.57,69.31,29.88,11533.38,8733.01,709.54,1.52,15.315,25.455,2092.545,61.57,69.605,-0.4125184531792264,-1.5078356275152407,-0.25415526910790165,-0.417097815804226,-1.011198923439379,-0.6165063645985303,-0.4370116694658025,-1.2669105148076165,0.02605336070085542,-1.2711181273273244,0.07705053369175523,-0.37455342814191916,-1.5111437907398533,-1.5055896519338483,-0.9847037980620293
06_0014_S,845119.5374,249594.2619,97.0,,,,12.08,23736.52,1.62,8.23,59.99,32.66,10061.015,9795.09,361.15,0.35,22.02,27.52,2237.065,72.19,102.57,-0.4125184531792264,-1.5078356275152407,-0.25415526910790165,-0.417097815804226,-1.011198923439379,-0.6165063645985303,-0.4370116694658025,-1.2669105148076165,0.02605336070085542,-1.2711181273273244,0.07705053369175523,-0.37455342814191916,-1.5111437907398533,-1.5055896519338483,-0.9847037980620293
11_0017_S,845372.6865,248190.9948,104.0,,,,10.83013821,24348.93555,1.034862399,8.136654854,91.99621582,28.53674507,10019.55469,11267.66016,499.4681396,0.778727591,30.16103363,15.84774113,2866.666748,92.74967194,95.57017517,-0.739392539777964,-1.4947941374948068,-2.3632262693568684,0.10919998096502649,1.2155065238897993,-0.8921053929216631,0.19440502579381386,1.5564451041379996,-0.08122094629162513,-2.9601768850018493,2.5104585131220722,-0.6869797881675487,2.1168277207282085,1.6310513358710073,-0.6746229212839462
11_0017_S,845619.8582,248466.9331,105.0,47.55085406,21.64690546,161.1,10.83013821,24348.93555,1.034862399,8.136654854,91.99621582,28.53674507,10019.55469,11267.66016,499.4681396,0.778727591,30.16103363,15.84774113,2866.666748,92.74967194,95.57017517,-0.28906601326648174,-1.346302007699608,-1.778883844747202,0.3978616148707271,1.4715853790268865,-0.5944347228205885,0.35100200642889606,1.1699612230150398,-0.2362275478768322,-2.331739559026442,1.8455305398580748,-0.18271516354876308,1.6071651866242178,1.1641014330115391,-0.22121952410207346
11_0017_S,844684.8981,247566.8193,107.0,47.5430411,21.63409503,161.8,10.83013821,24348.93555,1.034862399,8.136654854,91.99621582,28.53674507,10019.55469,11267.66016,499.4681396,0.778727591,30.16103363,15.84774113,2866.666748,92.74967194,95.57017517,0.9398268930643952,0.11852751335179278,0.5962895654082846,0.009822273837052746,-0.5956926777468365,-0.7823301370119793,0.06530923909744071,-0.5396434544339385,-0.2856605424895689,-0.09735605196599527,-0.2629779781687726,1.1908448050698364,0.06977472123540393,-0.1597193153087768,1.5988391352926705
11_0020_S,845055.8483,247472.1057,110.0,47.54207921,21.6389783,166.96,12.82314301,25423.01563,2.839731216,8.80132103,41.96641159,40.08838654,10724.72949,7710.03125,482.1784668,1.669880152,4.710481644,34.57794952,2055.915039,60.87815094,176.4685516,-0.3071236492193273,-0.9600756704735369,-0.3117711858999943,-0.5492227731775853,0.06186257563311125,-0.21473882987284817,-0.4747070717167169,-0.3430183545825012,-0.698624177797974,-0.8893271809998964,-0.10146849853900372,-0.19431078869826562,0.8638963139800022,0.3221902374635491,0.3766514047648145
11_0021_S,845244.7938,247926.7586,111.0,47.54611007,21.64168712,168.7,12.15395832,26220.72266,1.522940159,10.49580193,88.57803345,42.35746002,12878.47168,13665.47949,526.6992798,1.039858937,25.87051773,28.5675106,3085.658447,108.6164398,105.4284744,-0.7292544422013204,-1.6764347718542856,-1.4619958262278394,-0.3825046978349111,0.5578320604973444,-0.9387348689571499,-0.27666048252851166,0.589267031383158,-0.2639030176025672,-1.9217924816869953,0.9476203320918223,-0.6578200150746738,1.226398841108458,0.9644475698462269,-0.6527730618765237
06_0022_S,844767.492,248298.6195,112.0,47.54959521,21.63551325,161.125,14.98,24919.47,1.65,9.33,71.18,42.87,11527.73,11176.44,559.55,1.14,20.12,55.61,2683.1,81.85,149.38,0.4070289495142227,-0.7969948347749685,-0.13799260006556832,-0.09576435106490562,-0.460221606012353,-0.35423428764595716,0.0009713391513866254,0.005852288049363482,0.19050065746865968,-0.33286746364639935,0.20159622882996467,0.5162225820624888,0.21393365911820977,-0.2750718768974948,0.05524892501687307
02_0006_S,843155.074,257470.6574,128.0,47.63252663,21.61810786,148.7612092,9.622696877,34713.90234,1.393293738,6.982321262,64.49536133,27.19592667,8652.666992,11723.76855,396.5947876,1.086390972,20.70240021,4.17629528,2191.174561,74.53738403,67.1240387,-0.8284262097166156,1.7839195600497826,-0.4890792176382007,-1.1769621141080229,-0.7182390383913507,-0.46236057223367555,-1.2143113275629478,0.2629300830593513,-0.9684582355015023,-0.4799615162925423,0.26066753975277057,-0.8614381547802693,-0.9993827446618002,-0.6587464243087645,-0.9179770797876179
02_0007_S,840151.9594,256677.1093,129.0,47.62627373,21.57782656,144.4723157,8.931692123,32728.00781,1.103498936,8.331848145,65.89372253,36.16907883,10053.49609,12127.74902,789.0695801,0.936386645,17.8745594,0.052855194,2157.359619,73.70954895,141.5505524,-0.9877797816131177,1.2606198320860957,-0.8854196731909004,-0.5554522697461105,-0.6642643085407071,-0.4004600321715053,-0.6221840186686877,0.4526779199933064,1.8228740841911095,-0.8915478702344061,-0.02615286460063705,-0.9718852154796861,-1.0827860829906188,-0.7021808465392227,-0.037386573822943164
02_0008_S,840711.6605,255231.795,130.0,47.61311769,21.58464558,139.4796455,9.222640991,25213.64258,0.475607783,7.196024895,64.02924347,39.77896118,8663.705078,8817.71875,457.9729919,0.715357959,13.77907562,0.821632922,2170.241455,65.98311615,85.18506622,-0.9206836566057867,-0.7194779129229429,-1.744160630240675,-1.0785432434960138,-0.7362305169678872,-0.375557560549326,-1.2096455534382846,-1.1020286328220255,-0.5319283776322584,-1.49801298231948,-0.4415469382869919,-0.9512933701714297,-1.0510134977765333,-1.1075673210656007,-0.7042848272365123
06_0040_S,842644.1109,248752.565,131.0,,,,17.62,26279.35,1.2,10.83,78.94,42.98,13049.14,12264.58,907.5,1.36,20.9,82.415,2315.97,80.19,156.23,1.0158430385223076,-0.43865514285625584,-0.7534391290157836,0.5950442414030286,-0.1606967739153301,-0.35347546184144313,0.6440679241031192,0.5169468250731819,2.6651667995930466,0.2707751090589208,0.2807095631465655,1.2341991744954777,-0.691579282487876,-0.3621678971610486,0.13629591574617306
11_0022_S,844287.0568,247258.4551,133.0,47.5403872,21.62867784,165.08,18.80943108,29594.75391,2.496551991,9.109255791,46.62757492,48.44268799,11662.93848,9026.224609,577.2714844,1.775496006,6.270667553,92.51582336,2221.768799,62.94773102,216.3533478,3.0769364784282334,0.8147537960404907,0.8466857078405703,0.05898712229205582,-1.2007051600222551,-0.9237680405725712,0.2116027590038951,-0.6296413451611144,0.18889210586619895,0.7951935802349259,-0.8248797674428865,3.6127252847730613,-0.7292091445178414,-0.7507891306598191,1.4989473132789448
11_0023_S,844348.9017,247192.7445,134.0,47.53977812,21.62947008,170.42,20.33691597,28346.89648,1.817818999,9.553489685,61.54329681,47.2050209,11461.22363,9091.381836,459.2697144,1.28568387,8.22090435,107.192482,2100.196289,68.32865143,230.7269287,3.0618983391433026,1.2246306014754582,1.39335050053102,0.05208893796552969,-1.30376236322455,-0.9032582444490403,0.2048363180697707,-0.967452054868575,-0.005876895574217424,1.0660855090394719,-1.3019049291040343,3.5937102129347474,-0.7644691691072188,-0.939323304548537,1.9615634069108272
11_0024_S,844622.8509,247172.1229,135.0,,,,14.8015995,30028.1543,1.408547044,8.634734154,87.33505249,46.1736145,10287.91016,11358.88281,404.8074036,1.186802626,18.45963097,53.37805557,2505.169922,89.7142868,319.7527771,2.2538451301490423,0.5790823791242115,0.03220508421678285,-0.027837712729819997,-0.6125916044811655,-0.847589454699409,0.04427777084689916,-0.7276594744642654,-0.07715926004863095,-0.4011442987655818,-0.2024282358257273,2.7208404769660044,-0.10067585443249372,-0.3677630760292048,2.1690459014156325
08_0002_S,843591.3354,247288.7945,136.0,47.54086609,21.61945466,175.1,16.33635902,25423.01563,1.87628746,12.46792793,94.1714325,34.00314713,15093.88672,11782.4082,619.6310425,1.333134055,26.35807991,68.40415955,2803.062744,89.02444458,457.6186829,-0.11457393911945124,0.3688111891744332,1.9877633036469908,-1.2270913169417392,-2.1843448969383714,-0.9641798560654805,-1.0138893682036343,-1.6813956150631695,-1.1159943831033003,2.3760066811758636,-2.148533158716317,-0.0015881575226625983,-2.083156264420815,-2.1177046992640283,1.7072614254829523
11_0025_S,844933.4993,246984.3974,137.0,,,,12.8813324,25125.70703,0.68914175,9.497960091,71.48709869,34.62198639,11663.62793,10342.41797,444.5735474,0.792809665,22.75014687,35.69617844,2503.55957,78.40058899,98.58033752,2.721688552014298,0.5885378368139523,-0.08895268651638913,0.5593846968333309,-0.004597169060013992,0.024642677536726876,0.5792351893538527,-1.3161876349124406,-0.8564800732864969,-0.30322941699357275,-0.7806456568855941,3.190221725530323,-0.08238279424393806,-0.3736139524416328,3.2056056677587916
08_0003_S,843958.3238,247273.0404,138.0,,,,16.60548782,27377.50391,3.050722361,8.713821411,54.39618301,27.81476593,10909.61133,8270.390625,355.0996704,1.983053684,4.125409603,70.78038025,2063.966064,57.29088974,117.3186646,1.2998798087938395,0.2086269933249421,1.8571233531923845,-0.475769124434424,-2.3718678680473695,-1.130578416843381,-0.21208600109559078,-1.512524933974631,-0.41371957359969486,2.2299273785685414,-1.9813394626201424,1.622535724081416,-2.007381816240498,-1.962862942346753,1.9304946551173396
08_0004_S,843698.5782,246638.738,139.0,47.53499049,21.62059437,180.6,9.419032097,24405.4668,1.461930275,8.320069313,102.2507782,29.56813812,10168.70215,11997.43164,384.9242859,0.823117197,28.01577568,2.359188318,3513.980225,125.311058,90.90438843,-0.879779876129629,0.3549162607398955,1.3276398115565016,-1.8680865837325773,-0.6541793375380502,-1.085838489834506,-1.6497341666338494,-2.158825295584939,-1.1187842276203883,1.5893880212301197,-1.9849346917233985,-0.8337775491101334,-1.2350719536452308,-1.4603025460263996,0.5887148992884389
11_0027_S,844442.0989,246829.6068,141.0,,,,21.07156372,32046.50195,1.766978502,8.89723587,81.74166107,45.76106262,10723.4873,12010.46289,749.7355347,1.081186771,23.43272972,114.9501419,2808.69873,97.30275726,128.6068115,2.0790698859676695,2.218375040315592,1.6650437417500563,-0.6261834100822602,-0.9855105378571917,-0.8036925121437026,-0.5494944150409926,-1.1142878524261866,-0.06621508712652291,1.0126564679612629,-1.6865582681976337,2.4893899088783917,-0.9095474035551964,-1.1156142452944904,2.603649806060013
08_0005_S,843833.1025,246378.9221,142.0,47.53261497,21.62226654,174.0,12.37944508,30180.99609,1.705968618,6.926792145,83.29538727,36.37535477,8768.287109,8355.09668,522.8091431,1.519569278,8.513435364,30.03517914,1968.962402,56.32508469,128.004776,-0.3027814153119856,-0.2948286010631549,0.5569118542284776,-0.6670178110258091,1.057501146121704,-0.7896498428584098,-0.48094048477304163,-1.502055880543583,-0.5755658123623284,0.5994430837563677,-0.5985317105238752,-0.23118579870022232,0.17469665696051825,-0.37157333473278453,0.5630345700576421
08_0008_S,843994.275,246257.1038,146.0,47.53147211,21.62435265,180.4,17.17284012,26109.75586,2.082194805,12.854949,161.6029053,53.29026031,15953.58984,10068.75293,631.3015747,1.479465604,19.3372345,75.67260742,3253.927979,101.9937973,285.3615417,-0.6028509897472378,0.2894220699926626,1.0073686351707545,-0.897433510564189,1.0272324792526173,-0.8472025644677786,-0.716287595926497,-1.3525595938497073,-0.7707319295984776,0.8947724477732015,-0.8188654370804753,-0.5557225261832578,-0.006285549281967716,-0.47014572335913607,0.7996166720773038
06_0050_S,843275.0195,247936.75,152.0,47.54678456,21.61553779,163.94,9.28,24153.17,1.27,9.18,100.7,26.47,11388.79,12642.5,495.58,0.92,32.065,0.68,3464.06,115.65,55.01,0.678278115378005,-1.5304946572404825,-1.0605063680489206,1.654979220226701,1.2412744088063468,-0.38396093571008627,1.6996157309789792,1.913784193571338,0.822605278773837,-1.0599738834748176,2.5876690472515502,0.8619642211265904,2.193200673926019,2.0426757029515143,0.33938146333097996
06_0051_S,843236.4974,248212.1277,153.0,47.54927152,21.6151464,171.5,11.07,24855.62,0.85,11.13,100.08,48.24,13088.88,15470.36,654.64,0.86,35.82,18.08,3038.96,108.48,99.26,0.678278115378005,-1.5304946572404825,-1.0605063680489206,1.654979220226701,1.2412744088063468,-0.38396093571008627,1.6996157309789792,1.913784193571338,0.822605278773837,-1.0599738834748176,2.5876690472515502,0.8619642211265904,2.193200673926019,2.0426757029515143,0.33938146333097996
06_0052_S,843464.7265,248296.9211,154.0,47.54996637,21.61821391,167.42,24.35,24840.96,1.8,14.48,103.8,112.29,17009.21,12381.86,646.86,1.34,30.36,145.56,2814.33,104.06,329.16,0.678278115378005,-1.5304946572404825,-1.0605063680489206,1.654979220226701,1.2412744088063468,-0.38396093571008627,1.6996157309789792,1.913784193571338,0.822605278773837,-1.0599738834748176,2.5876690472515502,0.8619642211265904,2.193200673926019,2.0426757029515143,0.33938146333097996
08_0008_S,842709.237,247237.6974,162.0,,,,17.17284012,26109.75586,2.082194805,12.854949,161.6029053,53.29026031,15953.58984,10068.75293,631.3015747,1.479465604,19.3372345,75.67260742,3253.927979,101.9937973,285.3615417,0.9127228737559572,-0.4833446094847953,0.4531024945290209,1.5276123537425956,3.029972405290164,-0.2823509929824909,1.8717723386051974,-0.5144234211506662,0.7008072893243824,0.598568402460534,0.12220239717227063,1.0536030152179598,1.6218603401721878,0.7818224470939046,1.6641386694717382
08_0013_S,842154.5208,244335.1626,167.0,47.51473662,21.59909918,164.7,10.51009274,30245.90039,0.457812995,7.993624687,72.41933441,35.85965347,10045.63184,11632.5459,473.1014404,0.861077368,27.33319283,12.2135191,2249.142822,71.6399765,172.0285492,-0.6237826097462034,0.6065638799491773,-1.768497831369575,-0.7112173837198559,-0.41238508139027663,-0.4025945771509511,-0.6255082194549366,0.2200832085139466,-0.4243328630875754,-1.0981837144019404,0.9332112747913742,-0.6461597152762645,-0.8564061136648801,-0.8107661019862664,0.3232192545124198
06_0063_S,841961.1367,249835.5635,170.0,47.56424127,21.59891522,152.86,11.08,33491.165,1.48,7.72,41.66,26.16,9680.14,10251.195,505.09,1.57,11.73,18.08,1766.88,51.63,90.45,-0.4923555001568117,1.4617180998377735,-0.3704946221134274,-0.8372322403138218,-1.5996511219278335,-0.4695068257680418,-0.7800007981363739,-0.42873118917654823,-0.19682602193957152,0.8469793830049076,-0.6493792518319361,-0.48902500286607187,-2.0458900201189203,-1.8606391855508675,-0.6419918288046819
06_0065_S,841850.8364,248810.0648,172.0,47.55505457,21.59700597,173.875,13.67,42116.25,2.47,13.98,86.09,23.845,10697.69,12225.49,579.0,1.89,14.02,49.88,2317.58,81.71,116.94,0.1049280189836957,3.7344997435656873,0.9834877415770468,2.0457422855856904,0.11528293607097374,-0.48547665974485965,-0.3498847018719638,0.4985864252604178,0.3288316144001712,1.725004943303554,-0.41711061646653064,0.3627435343235959,-0.6876082753896113,-0.2824173243896018,-0.3285706923931259
07_0012_S,841232.8211,247423.4096,175.0,47.5427696,21.5882003,153.6999969,10.21187019,31548.19531,0.948432207,6.820782185,52.842453,486.5009155,8444.053711,11580.41992,486.5009155,0.870567381,13.19400311,9.697519302,2057.525391,71.91591644,113.555954,-0.6925561287234447,0.9497294242766956,-1.0974980734547086,-1.2513571690486494,-1.1680245294976976,2.7061164974593144,-1.3024916922159184,0.19559986665075596,-0.3290340346576032,-1.0721447332095455,-0.5008892935217135,-0.7135512079653198,-1.3290236159333157,-0.7962882281273725,-0.36860963323831203
08_0015_S,841844.1642,247264.7588,189.0,47.54116444,21.59624829,155.84,10.01547909,30245.90039,2.582982063,9.454209328,48.49204636,26.26767159,12027.32227,12036.52539,550.0403442,1.702330232,4.320441246,7.810516357,2470.549805,68.74256134,107.7613602,-0.7378461547218524,0.6065638799491773,1.138008671592568,-0.03856110370019402,-1.3359439648584932,-0.4687640623052687,0.2121478679669489,0.409830585146245,0.1228667352628354,1.2100710270556885,-1.400911173426423,-0.7640949104224029,-0.31031375273425915,-0.9627861799906574,-0.43716939820016015
08_0018_S,841752.3849,245713.889,194.0,47.52724917,21.59435899,153.34,20.72242355,29811.45313,2.077110767,8.947716713,60.92179871,72.06167603,10654.77734,9208.666992,490.3910828,1.296704292,6.270667553,111.7352524,2026.930786,66.9489212,363.7012939,0.2575422692745035,2.180763360098002,0.2502784333268382,-1.4599141258928114,-0.7373731274998749,-0.7361795663988431,-1.618173908771685,-1.1152401272669934,-1.6346384503361902,0.08770437904325072,-0.9785200033878045,0.41980323464042263,-1.1060824443191493,-0.8861969214982842,0.8337466362447615
10_0002_S,842975.1565,235237.5036,197.0,47.43270723,21.60603767,142.9,9.579054832,24359.4043,1.034862399,9.787384987,96.65737915,26.26767159,12169.15723,15144.56641,790.366272,0.873017013,32.40381241,3.477409124,2912.558594,102.1317673,57.03995895,-0.8384905626973443,-0.9445768055313879,-0.9792910475371515,0.11487930165871697,0.5231685630824856,-0.4687640623052687,0.27210118653509663,1.8696636821447348,1.832096327449327,-1.0654233597429033,1.4475107902078397,-0.8801579421626036,0.7798850290137145,0.7890613855973765,-1.0372886590594095
03_0018_S,839356.1146,253404.411,202.0,47.59708395,21.56584149,141.1724557,9.870004654,25654.37109,2.285560608,7.640257359,130.8392334,24.61743927,9660.551758,8491.927734,342.5646667,1.705391288,4.807991982,6.133185387,2254.778564,68.32865143,93.91456604,-1.204680356025533,-0.5818276749329674,-0.26739129979477555,-1.6126050845745288,1.440886028806651,-0.6932749273768154,-1.541993624541057,-0.971459146263123,-2.088472816710934,0.053188059279597445,-0.8234348745447044,-1.2641634848436638,-0.07546214496549536,-0.42135434835491453,-0.9613081269734111
03_0019_S,839887.4717,253345.6116,203.0,47.59640126,21.57287827,138.8159821,9.55723381,25237.7207,1.878828883,8.237616539,60.6110611,27.50534058,10236.44629,10759.42969,467.4822998,1.462321877,17.58202934,3.477409124,2415.802002,75.64115906,73.14437866,-1.5737535893563939,-1.1058327179558323,-0.9576447694108076,-0.5666903543715263,0.22388317368861746,-0.9893897962219558,-0.620185012358168,1.1421570193863106,-0.5476370412476828,-0.3407332450922829,0.5111809795286412,-1.6232284388554146,0.487711041996805,0.7662067665173999,-1.149462878460005
03_0020_S,840205.4537,253416.8783,204.0,47.59694951,21.57713501,133.4704894,9.353569031,26809.05859,2.351653337,6.635684967,49.11352539,17.60393715,8555.671875,9013.193359,368.499115,1.874376774,1.590110898,1.660298467,1950.444824,65.0173111,96.84949493,-1.1519022817991504,-0.9498516448109897,-0.3969441064708978,0.01801849964623103,0.033206234838195355,-0.7898087370201599,-0.04606830348516612,1.3603161098158338,0.7633646027856313,0.22707957741282067,0.8276522453141503,-1.1616586471629624,0.42083967308352527,0.9118553741899301,-0.6544406563727733
03_0021_S,839533.433,253155.2179,205.0,47.59479237,21.56809137,142.8556301,9.200819969,27123.11719,0.940805554,6.50275135,87.9565506,22.24522781,8251.167969,10922.32324,309.282135,0.844546854,20.01981735,0.052855194,2894.845947,94.54331207,81.04608917,-1.6636605618508946,-1.3053600336073312,-1.3143560440938808,-0.21021603670174616,2.0908723695699236,-1.0681835402864712,-0.3062830447642599,1.6480979067436865,-0.3675724795048822,-0.8429366385732874,1.495272268841932,-1.719321423610763,1.2586422340404493,1.5310523108669114,-1.3400447893641496
03_0022_S,839834.6178,253131.8633,206.0,47.59449505,21.57208408,140.5124099,13.44868374,26217.58203,1.220433474,12.47634125,109.0871506,59.99433136,14678.72949,14688.45801,772.2120972,1.098024487,32.5013237,40.44861984,3095.320068,116.7567902,187.4556885,-1.5737535893563939,-1.1058327179558323,-0.9576447694108076,-0.5666903543715263,0.22388317368861746,-0.9893897962219558,-0.620185012358168,1.1421570193863106,-0.5476370412476828,-0.3407332450922829,0.5111809795286412,-1.6232284388554146,0.487711041996805,0.7662067665173999,-1.149462878460005
03_0023_S,839933.883,252958.8553,207.0,47.59291091,21.57332902,139.2424826,9.491769791,25094.30078,0.821328402,11.12849808,121.5168991,28.02104187,12675.23828,15789.62891,576.8392334,0.753931344,30.06352425,2.638743639,3060.699951,115.6530151,71.18776703,-1.4404083152121003,-1.1564578194900572,-1.8104702311783398,0.3211195132119543,1.38440963862842,-0.9021247507611317,0.12094136807106395,2.6157983236699804,0.6365569469264383,-1.7120773882437201,2.142052861040293,-1.4727143739985495,1.9562625354751029,2.2032303577185215,-1.067761338652639
03_0024_S,839275.1893,252750.6807,208.0,47.59123044,21.56448621,145.3298832,10.393713,26438.4707,1.050114512,10.14580059,118.7202148,31.0120945,11910.04688,14760.13281,604.0704346,0.965774953,39.22961426,11.09529877,3082.437988,121.7237778,89.4745636,-1.118950501745889,-0.4351623696996766,-1.4667896231894022,-0.7935177785012231,1.1088383968751867,-0.6619616616590555,-0.8670355211036784,1.1184214975082314,-0.7682632633194079,-1.387352524713759,1.654832980479735,-1.169817595924011,1.3736042167259714,1.5672741771450054,-0.9985980386415902
03_0028_S,840016.7173,252060.9643,212.0,47.58481496,21.57404419,137.4504062,10.07366848,24543.65234,1.278900623,13.46745205,128.6640167,33.90000916,15109.20215,16011.16895,760.5415649,0.834137559,44.10521698,8.579298019,3418.171631,133.7273407,70.66098785,-0.7244270181829181,-0.8960259143569993,-0.6455299855549846,1.8096939336444737,1.758578709751819,-0.41611301960637903,1.5148515612905464,2.2767030557225514,1.6199790897452122,-1.1721019671880766,2.6343532667722154,-0.7435029597412715,2.0269614010025374,2.446801566973886,-0.87612903818615
03_0029_S,840368.0831,253127.8952,213.0,47.59430428,21.57917205,130.7278188,10.62647247,26386.12695,0.978936553,10.87945747,115.3020248,45.45164871,12415.4375,15919.94629,735.0393677,0.774135649,36.98685837,14.0306263,3261.174072,125.311058,112.0508575,-1.3650357464491625,-0.8497918038503526,-0.8759543150377699,0.007990999800734316,0.8224818340867427,-0.7689779378975959,-0.2287151293880554,1.9761074101867382,0.3396741556425548,-0.6090583051575946,0.8405641719538328,-1.413262255645226,0.6934810007910173,1.364694305288784,-1.060461189762244
11_0030_S,844481.0135,245775.3554,214.0,47.52699688,21.6306022,159.18,14.56156731,26641.56055,0.511196196,10.40998363,95.10366821,55.45618439,12351.41895,14225.83594,656.803772,0.524637938,30.7461071,51.49106216,2905.3125,109.8582001,240.6604767,-0.9862509253752226,1.8069109110602481,-2.0713767189638435,0.05950845197507869,0.5278708118252059,-0.963321258924223,0.13038157076774626,2.857280651469541,2.138417483858557,-2.305074913809729,2.569987454098567,-0.9524216974570948,1.4347403103971366,2.2091691800542685,-0.5882718706886318
11_0031_S,844883.6557,246239.8494,215.0,47.53105284,21.63615046,162.86,12.22669601,29780.04883,0.864543498,7.810210228,71.17636108,33.38430405,9958.84668,12518.69727,499.0358887,0.835056841,23.23770905,28.98684692,3104.17627,106.2709198,134.6271515,1.1907989356319413,0.9178260716652973,-2.0541036716806285,0.6000100749418245,0.8153645595241016,-0.9282445671785753,0.8304620350165185,1.17017632925649,0.20595885627613314,-1.8346168657216828,1.1849864030147346,1.510121197436637,1.2802053441476735,1.4048706040540346,1.4424262270760806
11_0032_S,844603.6985,246115.459,216.0,47.53001788,21.63237981,170.58,11.0847187,29371.77344,0.442560822,8.7844944,105.6689606,38.95384216,10785.71289,13743.66797,523.241394,0.626885891,31.52619934,18.36374092,3176.636719,114.2733002,125.2203674,-0.6020405846862952,0.941439715118881,-1.772287920794287,-0.7225160767772651,0.5125433117106413,-0.6904688088132267,-0.6512849831245099,1.691628977937114,-0.0048669882080185755,-2.0751336907107967,1.2679372359353898,-0.5555892567826116,1.540916513484674,1.6772177460598992,0.7418608280559926
11_0033_S,845084.2911,245574.2703,217.0,47.52500969,21.63852079,173.8,16.03813553,32792.91406,2.313522339,9.664546967,57.8143692,54.21851349,12074.0957,11456.62012,621.3601074,1.41334033,12.41390991,65.81827545,2383.597168,75.50317383,180.3817749,0.7659966290026978,-0.10730015100601979,-1.3195841383309548,0.9797218153842379,-0.46816226228197,-0.7203929768155034,1.1989801554115291,1.681965673573811,1.020450730281094,-1.1629218401451522,1.110116838933293,1.042483353405356,0.3543500307131859,0.7696978129115105,1.0609938921801532
08_0021_S,844118.9595,245002.3775,218.0,47.5201554,21.62545845,156.8,12.50309849,31045.70313,2.521972179,7.702517509,39.79120255,46.79245758,9940.634766,8433.285156,505.0872192,1.771822095,0.127435654,31.43295097,2166.216064,53.01376343,131.9932556,2.1461363722220863,2.57111357242163,2.6722007667823027,-0.1104368883769592,1.046069812791639,0.0011090156754696818,-0.16140133433773654,-0.538068129588729,2.0635055874857438,1.6046519913569295,0.09291303660020726,0.09091209068855219,-0.5371060242378645,-0.16837992089208437,0.9586265502845576
11_0034_S,844835.0297,245658.7541,219.0,47.5258434,21.63524969,165.66,12.3576231,24588.66797,1.469555736,8.553964615,77.70199585,38.64442825,10490.86719,11495.71484,468.3467712,1.082411051,20.70240021,30.03517914,2638.013916,91.36995697,160.213623,0.29502019933016665,-0.31242035087117365,-1.6509558472738621,0.8370631952391413,-0.30307834702522424,-0.7150069776192581,1.0067745702377895,2.1495261039891305,1.0426640711122062,-1.6927067774409408,1.4572392640362093,0.510432690043867,0.5381546645265377,1.058639170450966,0.9513128844317765
11_0035_S,844707.718,245383.0751,220.0,47.52340298,21.63343893,162.5,10.74285316,24876.55469,1.126376629,12.0977335,103.8044891,40.08838654,14454.38672,15385.64941,891.5105591,0.774135649,36.7918396,14.6596241,3243.461426,119.6542053,82.70167542,-0.11861172906012292,2.1840284186344596,-0.6982654630616478,-0.10835918818498316,-0.40815582599934663,-0.7475407316129443,0.04901880414185134,2.0034021371634734,1.6078636669076518,-0.9691413116254967,0.8284752199286308,0.05722686395998339,0.1401569237348734,0.6810110827491351,0.30121850940643274
11_0036_S,844268.7491,245378.9179,221.0,47.523496,21.62761122,165.84,9.964562416,48777.42188,2.07202673,7.93473053,82.36315155,22.76091766,9681.798828,12218.96875,799.4432983,1.415483832,19.53225517,7.321293831,2329.654541,93.02561188,57.34096909,0.27065814088243595,1.9462250272475905,-0.20368784615266727,0.2089005546015926,0.9246062739771995,-0.017115450148149216,0.19929050463583228,1.1437067720913117,1.5826726227412216,0.18694973707586346,0.33895839711083803,0.4867429367049005,-0.4092000356343673,0.14238711694135672,1.2640250280157532
02_0011_S,845111.7472,253927.3336,224.0,47.60009263,21.64256545,137.3206139,9.753623962,24247.39063,2.038979769,12.18523407,99.45407104,24.10173607,14752.95801,13437.4248,606.6638184,1.111800432,20.11732674,27.02995682,3377.915771,119.5162354,69.83319092,-0.7982329316936004,-0.9740933393420794,0.39399906362977977,1.219182468310555,0.6311168451416813,-0.4837055874279004,1.3642679645986184,1.0678268313745711,0.5255803275956233,-0.4102422808132112,0.20132508714779118,-0.2492988510270124,1.927671770066676,1.7011806542170789,-0.8859232644797925
02_0012_S,845113.5962,252984.4644,225.0,47.59161611,21.64217408,132.1803608,12.02303123,24901.67969,2.618570566,10.00277042,63.71850586,39.26327133,12327.54883,8785.138672,523.673584,1.837334752,13.19400311,14.93918324,2309.526367,75.36520386,65.76945496,-0.2748817504603631,-0.8016827294454825,1.1866816063523105,0.21407270686460125,-0.7482245415118923,-0.3791150038702893,0.3390529595910383,-1.1173313511134313,-0.0646571295006448,1.5805004624177195,-0.5008892935217135,-0.5731523266788389,-0.7074722715447767,-0.6153128022074082,-0.9340040777172296
02_0019_S,842499.8477,256693.4019,235.0,47.6257328,21.60905512,140.5073055,10.09549046,23640.21094,1.418715239,8.126558304,38.5482254,21.83266449,10222.78711,7488.494141,755.3546753,1.305888176,5.685606003,7.950300217,2629.962891,81.71191406,67.1240387,-0.7193946208821406,-1.1340902383728029,-0.4543112741911908,-0.6499962604855616,-1.719761143137728,-0.49935858803874955,-0.5506250852943871,-1.7263595425740073,1.5830892490323023,0.12230146972647774,-1.2624461275061891,-0.7603507753923738,0.08287289078265289,-0.28231689848083913,-0.9179770797876179
06_0084_S,842497.473,249969.1213,236.0,47.56528434,21.60609695,166.78,10.26278591,30581.94336,1.500061274,10.89965057,112.8160782,29.56813812,12803.0,15652.79785,697.8666382,1.007806724,28.60084915,10.25662899,2967.306396,112.0657501,90.30236816,-0.6808143833870848,0.6951139978575591,-0.3430576411142737,0.6271210495538883,1.1468710914146483,-0.44599606985164264,0.5400250997362365,2.10837773780646,1.1742267716977406,-0.6955833237326919,1.0617862981794666,-0.6985753576170074,0.9149185137071131,1.3102724502037595,-0.6437385611211534
02_0020_S,840990.0413,254167.8786,238.0,47.6034721,21.58788687,132.3046456,9.353569031,28445.30078,1.891539574,9.496277809,79.5664444,24.61743927,11746.27344,12466.56836,546.5823364,1.454362154,16.89944649,1.520522833,2425.463379,74.12345886,73.67115784,-0.8904901583488876,0.1320909047481636,0.19235116087312895,-0.0191869249356108,-0.13651692163077864,-0.48014805201307803,0.09334915967813794,0.6118198628609667,0.09827292919339414,0.5296888063615368,-0.1250559846586674,-0.9325734822107665,-0.42151780098355873,-0.6804640357508819,-0.8405136777083181
02_0026_S,841915.1247,254532.0362,249.0,47.60647486,21.60034114,132.8651439,11.92119884,26171.51953,1.812734962,9.326324463,129.2855072,42.56373596,11826.43457,9632.192383,538.369812,1.347216129,10.07363224,26.6106205,2397.28418,74.12345886,132.5952759,-0.2983654602139109,-0.467069368669746,0.08457332771608772,-0.0974570794259279,1.78256734862584,-0.3563470245236545,0.1272330890258292,-0.7194739759063323,0.03986437602756455,0.23569834187904357,-0.8173802471500381,-0.26053084737534254,-0.49102078188567244,-0.6804640357508819,-0.14334251710379253
08_0026_S,843648.1002,245248.1746,261.0,47.5225045,21.619317,164.16,11.84118795,27088.04688,0.968769044,5.952507973,49.7350235,26.88650608,7948.733887,9156.540527,266.7064209,1.09634006,12.75519609,25.63218021,1997.946594,57.77379227,137.261055,-0.8650916486823277,-0.47280742488094657,-0.9316044571994196,-1.8589951428584999,-1.1014268794965283,-0.8002466372846221,-1.8145728854550145,-0.5811151646447746,-1.9542169530118314,-0.25541700994910377,-0.1304695860622851,-0.8396842865246914,-1.2477247215641007,-1.1736656067537226,-0.7688472905659315
07_0016_S,840360.2172,247632.6275,279.0,47.54490483,21.57670471,119.8069744,24.63569641,28337.47461,1.769519925,14.08332157,129.5962524,685.7639771,15862.38965,13098.60254,685.7639771,1.121596575,20.60488892,146.0506897,2885.989746,102.9596024,42.81689453,1.3088758155461286,-0.47354218896806144,-0.28466692980887826,1.385946685282362,1.2365486702735136,6.174315482028704,1.1443005510284328,0.6013824342459743,1.9376206050130849,-0.6700636252401497,0.5877037248131202,1.5077430670980019,0.6899496157702252,0.9866153778794471,-1.4239560695558018
07_0020_S,840142.5938,247445.7365,283.0,47.54328795,21.57373504,119.2535227,9.789993286,25018.92773,1.43905139,9.232092857,81.74166107,763.5673218,11002.19043,11033.0918,763.5673218,1.057002664,23.82277107,5.923521996,2700.812988,97.71666718,77.05760193,1.3088758155461286,-0.47354218896806144,-0.28466692980887826,1.385946685282362,1.2365486702735136,6.174315482028704,1.1443005510284328,0.6013824342459743,1.9376206050130849,-0.6700636252401497,0.5877037248131202,1.5077430670980019,0.6899496157702252,0.9866153778794471,-1.4239560695558018
07_0022_S,840662.0422,246951.8075,285.0,47.53869644,21.58041927,114.0441567,9.97183609,31249.83984,2.28047657,8.611176491,75.83752441,423.3937073,10405.18555,11586.93457,423.3937073,1.455587506,12.21887875,7.530965328,2427.073486,83.09164429,86.69016266,-0.747910727936466,0.8711102761150472,0.7242843256920704,-0.42681065538833984,-0.2804478667220134,2.270776697159324,-0.47352567496809506,0.1986597688927669,-0.7778607955615677,0.5330509637876716,-0.5997935749229207,-0.7715827334111197,-0.4175465299736426,-0.20992592735414123,-0.6864770115840477
07_0023_S,840661.1306,246428.1727,286.0,47.53398926,21.58018195,116.0758176,11.17200375,27868.48047,2.427915335,10.82729435,56.88213348,520.6478882,13391.1748,11723.76855,520.6478882,1.56395781,9.781089783,18.71318054,2545.425781,78.40058899,92.48474121,-1.0728476024154856,0.16377800777365978,0.9624961269244565,-0.18763157672112507,-0.10382158406464508,5.831920381139878,-0.3554881105300444,0.006337098858869027,-1.7786315940011863,0.5788088012195487,-1.1585740093066565,-1.070106577438946,0.1073925149580981,0.07084030132264606,-0.7752883384434077
07_0024_S,840216.0792,246362.8126,287.0,47.53353114,21.57424598,116.3841822,11.34657383,28607.56445,1.929670691,7.40299654,53.77468872,367.2024231,9084.932617,10453.18652,367.2024231,1.585999608,9.976110458,19.83140182,1971.37793,66.53501129,210.2577362,-1.032223688787947,-0.5250897038645409,0.47128743762153413,-0.3901532918614957,-0.9431515719712739,4.005347356000158,-0.4593261758881897,0.14554911177752672,-1.3148508899839901,0.7784580289458344,-1.0987486854684676,-1.0625391329892258,-1.273041864573976,-1.128802246219905,-0.4843735572473344
08_0029_S,842293.289,246392.6554,290.0,47.53319255,21.6018327,124.6946234,11.70298672,25372.76563,1.650042772,8.284732819,88.57803345,41.22291565,10100.40625,5168.866699,363.7445068,0.934549212,17.8745594,23.25595856,2788.570801,90.54212189,119.2752838,-0.3324400400064898,-0.370202100122612,0.31754778712886134,-0.07136689931547024,0.054815829547775065,-0.6617567142819316,0.14668960435510364,-1.3484589579898714,-1.207530096960378,-0.13058795850606697,-0.8225257266786409,-0.27504590490182934,0.7489410030686868,-0.0252614745910933,-0.16887213505033805
08_0030_S,842175.4904,246196.3347,291.0,47.53146225,21.60018391,118.1651381,12.53219318,28216.03906,2.308438301,8.271270752,78.63423157,17.60393715,10609.79785,10876.71191,403.5106506,1.568243742,3.735368729,32.34150696,2828.826416,84.60932922,57.4914856,-0.5732821985052621,0.16443134495220987,0.22367724855385357,-0.8095880386422767,-0.07033411603629408,-0.9156993522999762,-0.6730636784951864,-1.4186424390376111,-1.8938195772806852,-0.2510678035422577,-0.8321546894029572,-0.5067031089649309,0.693380581574679,0.08222304444250708,-0.3449853185496494
08_0033_S,841913.5224,246376.211,294.0,47.53315617,21.59678442,115.6500324,12.93224907,27828.70117,1.693257809,11.79148293,84.53836823,58.9629364,14462.52734,12512.17969,539.234314,1.199354291,18.84968376,35.7660675,2693.567139,85.29919434,232.8340454,-0.7467132950856936,1.3250082649381425,0.24745175882684428,-1.139411167891884,-0.21118359388995245,-1.0157524407042364,-1.073578329604587,-1.5003630138392392,-2.0838810070239036,-0.06168717744769299,-0.8929835329427094,-0.6921122265383667,0.21032315773119267,-0.30739799413026486,-0.5133909277580603
08_0034_S,841816.7929,246191.1147,295.0,47.53152052,21.59542032,116.7950585,9.877278328,28933.13867,2.005932808,7.461891174,90.44250488,32.04348755,8787.051758,9964.500977,390.1111755,1.233028531,17.09446716,6.692295551,2791.79126,98.95841217,113.8569641,0.11925348683829444,1.8119645146189702,0.4906250560129568,-1.012292160116667,-0.6556154791329054,-0.9271822942517802,-0.9760183826706953,-0.7103806343921498,-1.7088784122097564,0.3520197627382942,-1.3829877332647533,0.2945696844544185,-0.5717827829920186,-0.8227668014053187,0.6906320793125462
08_0035_S,841689.5847,246145.8808,296.0,47.53115113,21.5937122,114.2536342,13.5577898,30743.16016,1.456846237,8.010452271,69.31190491,29.05243492,10162.08008,10648.66113,381.0341187,1.16996491,15.0467186,41.98617554,2497.923828,79.50436401,135.9064789,0.11925348683829444,1.8119645146189702,0.4906250560129568,-1.012292160116667,-0.6556154791329054,-0.9271822942517802,-0.9760183826706953,-0.7103806343921498,-1.7088784122097564,0.3520197627382942,-1.3829877332647533,0.2945696844544185,-0.5717827829920186,-0.8227668014053187,0.6906320793125462
08_0036_S,841538.664,246145.242,297.0,47.53118956,21.59170862,114.3163472,10.91014957,38648.00391,1.825445652,7.465256691,73.97306824,32.76546478,8930.266602,10140.42676,415.1811829,1.408748388,15.0467186,15.91762829,2182.318115,69.57039642,104.6759415,0.20164494573198435,1.94445490880497,0.18893303224671218,-0.8395103762640379,-0.636976298175916,-0.7715504438428232,-0.8891094067385229,-0.7137965566547114,-1.4469538185981077,0.0015279429608341126,-0.8456332860790409,0.37002009341082476,-0.8843200119354988,-0.8385239659503881,1.2223099805679694
07_0029_S,840892.2802,246272.395,300.0,47.53252146,21.5831833,115.2409766,12.33580256,30936.8291,2.194045782,9.556854248,88.42266083,495.3618011,11571.80811,10417.34961,495.3618011,1.313388884,15.19298983,29.82550812,2772.065796,93.23257446,87.63084412,-0.6444681778586405,0.6454585275023819,1.2281440677812219,0.41161143130404965,0.18186146468311917,5.091897099409324,0.36636353416428036,0.014164177203169358,-1.0615748887270708,0.4465513479880634,-0.8809562841088715,-0.6152493794633498,1.1737522146076655,0.8367836009937293,-0.8334825998740066
07_0030_S,840858.273,246208.1665,301.0,47.53195396,21.58270423,115.1587427,10.34279728,27805.66992,2.682122946,8.468147278,91.99621582,336.9455872,9572.663086,10133.90918,336.9455872,1.397421956,8.123394966,10.67596436,2769.248047,99.92421722,131.3159637,-0.6444681778586405,0.6454585275023819,1.2281440677812219,0.41161143130404965,0.18186146468311917,5.091897099409324,0.36636353416428036,0.014164177203169358,-1.0615748887270708,0.4465513479880634,-0.8809562841088715,-0.6152493794633498,1.1737522146076655,0.8367836009937293,-0.8334825998740066
07_0031_S,840785.8935,246352.6976,302.0,47.53327439,21.58180565,115.966036,13.48505306,30007.2168,1.474639893,11.06623745,104.4259872,483.0429993,13279.41797,12440.50586,483.0429993,1.092208266,22.26258469,40.7281723,3239.435547,108.3404999,128.1552734,-0.6444681778586405,0.6454585275023819,1.2281440677812219,0.41161143130404965,0.18186146468311917,5.091897099409324,0.36636353416428036,0.014164177203169358,-1.0615748887270708,0.4465513479880634,-0.8809562841088715,-0.6152493794633498,1.1737522146076655,0.8367836009937293,-0.8334825998740066
07_0033_S,840332.6497,246064.6552,305.0,47.53081683,21.57566541,115.4332617,9.433579445,23931.24023,1.487350583,8.927523613,96.65737915,392.7046509,10232.58301,11847.56836,392.7046509,1.121596575,16.02184296,2.28930068,2385.207275,79.36639404,61.02843475,-1.032223688787947,-0.5250897038645409,0.47128743762153413,-0.3901532918614957,-0.9431515719712739,4.005347356000158,-0.4593261758881897,0.14554911177752672,-1.3148508899839901,0.7784580289458344,-1.0987486854684676,-1.0625391329892258,-1.273041864573976,-1.128802246219905,-0.4843735572473344
07_0035_S,839182.1527,246302.162,308.0,47.53328551,21.56049508,116.8388073,9.266283989,24343.70313,1.914418459,9.755413055,74.9052887,490.8233032,11770.9707,12075.62012,490.8233032,1.388237953,21.48249245,0.472189963,2386.012695,87.50674438,52.97622681,-0.910619083852396,-0.9487141944337631,0.22364167278313138,0.10015497809645027,-0.31643082348910095,2.7359341276763507,0.10378863592955234,0.4281932066190524,-0.2982926451064469,0.34825524813552,0.3397902297282911,-0.9606532606751611,-0.5188214942726173,0.021723257527942113,-1.0853694270998384
07_0039_S,841095.0697,244638.0283,314.0,47.5177694,21.58517093,111.7735007,9.571781158,24108.1582,1.131460667,10.46214771,91.37471771,537.5053711,12043.05176,14447.37598,537.5053711,1.029144645,26.55310059,3.33763361,2844.928955,100.0621872,73.82167053,-1.0796574706407183,-1.055307247839088,0.7074268361691436,0.5250526859851788,-0.38111994823803674,4.25879987463806,0.3509855411586402,0.8794546252227159,-0.037238263699801696,0.9022488851078527,0.06115952108557828,-1.1246379093430385,0.22196360389347208,-0.1798418636974004,-1.0794982316239268
07_0040_S,841102.5262,244204.5449,315.0,47.51387021,21.58508315,112.9762415,10.26278591,26138.02148,3.099021673,10.2198391,60.92179871,520.6478882,12177.57422,10518.34375,520.6478882,1.956726551,10.56118298,10.18674183,2474.575439,69.29444122,87.06642914,-1.0796574706407183,-1.055307247839088,0.7074268361691436,0.5250526859851788,-0.38111994823803674,4.25879987463806,0.3509855411586402,0.8794546252227159,-0.037238263699801696,0.9022488851078527,0.06115952108557828,-1.1246379093430385,0.22196360389347208,-0.1798418636974004,-1.0794982316239268
01_0014_S,841376.424,243073.5069,318.0,47.5036222,21.58822987,110.5199343,22.72270393,31835.03516,3.17528367,9.577046394,48.18128967,50.40234756,11816.22559,6504.607422,550.9047852,2.147753239,2.955276012,130.3955841,1854.635986,49.28851318,352.9399414,2.1925847220908397,1.0253141107777177,1.948075267414311,0.018010163410706773,-1.3479387258630395,-0.302273017672355,0.12291777614249061,-2.188486775403596,0.12901475329578269,2.432235981090323,-1.5393762677275036,2.519367474255315,-1.8294430366896106,-1.9834911033349425,2.4637044992508383
08_0038_S,842640.2451,244133.4832,319.0,47.51278083,21.60545703,115.2470896,10.63738394,31860.68359,2.618571043,10.92825651,75.52677917,38.12872887,13133.58203,11147.11719,567.978302,1.569315493,11.53630161,13.96074247,2726.576782,84.47135925,110.9220428,0.2676133604706193,0.5669182378699895,1.4379246617282675,0.3352710616048078,-1.0281865391534217,-0.5190317171746249,0.37598979413193834,-1.3939977122213087,-0.45948705013881375,1.662168656057091,-1.771214046132461,0.37559342506633064,-0.8620170830188332,-1.3668525475190738,-0.06761389779401446
08_0039_S,842874.8344,244067.4196,320.0,47.51211788,21.60854112,112.1228125,17.42741966,27058.21094,2.364364147,9.1731987,53.15320969,44.31710815,11170.37793,6999.808594,406.5363464,1.806721091,0.127435654,78.46816254,1973.793213,53.01376343,170.4482117,0.2676133604706193,0.5669182378699895,1.4379246617282675,0.3352710616048078,-1.0281865391534217,-0.5190317171746249,0.37598979413193834,-1.3939977122213087,-0.45948705013881375,1.662168656057091,-1.771214046132461,0.37559342506633064,-0.8620170830188332,-1.3668525475190738,-0.06761389779401446
11_0037_S,844088.3442,246612.7412,321.0,47.53464133,21.625757,191.64,12.15395832,29695.25195,2.448252678,9.590508461,87.02431488,60.09746933,11391.96191,10518.34375,628.2759399,1.418239474,14.75418854,27.9385128,2555.087158,82.81570435,182.6394043,-0.45564888514472773,1.114998963986808,1.595706997897863,-2.006583239679417,-0.5614822491221181,-1.1859824829435999,-1.8157206530449668,-1.7975121106714473,-0.6945894510784548,1.5432027334308733,-1.8265873217806858,-0.3324056433471683,-1.0731152695079245,-1.2433238619326639,0.691711043453407
11_0039_S,844435.4289,246425.6398,322.0,47.53285633,21.63028233,170.62,9.826361656,33045.20703,2.623655796,8.045788765,86.71356201,51.22746277,9959.950195,11287.20898,450.624939,1.5636518,11.73132801,5.504187107,2434.31958,81.16003418,202.280777,0.4076763578391806,1.3586588236820243,-0.15783563853027927,-0.23860825715314968,1.5315874117505335,-0.811656032499838,-0.06670524810035047,0.618573537366278,0.8457466620641177,-0.643602056133176,0.6429124177401873,0.5954064803605408,1.801817814068153,1.3381659843101756,0.9382573165493192
11_0042_S,845021.4574,246896.9907,323.0,47.53691933,21.63826867,164.18,12.61220455,27709.35938,2.097446918,9.659499168,101.6292801,138.4835968,11263.64746,9928.661133,445.7621765,1.419157624,16.70442581,32.69095612,2614.665527,88.1966095,315.7642822,2.0040775161459363,-0.11102358706706425,-0.35432673271678544,0.39263345098989555,-0.0002376451876873781,-0.051130722831294426,0.3845103991358644,-1.1259683333395316,-0.95816139205848,-0.3059776534912075,-0.5505723583550495,2.3798423933470123,-0.43894396278126524,-0.3841389237240268,2.6379546403882133
11_0043_S,844808.7621,247102.2617,324.0,47.538828,21.63553533,167.1,15.26711941,32740.56836,2.954124212,9.518152237,70.55487823,80.0034256,11565.11621,8961.064453,461.8631592,1.581407547,3.832878828,56.94238663,2507.584961,74.81332397,273.4713745,1.6842355974427414,0.4397460142145737,0.33305373391231186,-0.5353517241968775,-0.7344665854676081,-0.26268948601618414,-0.5801693102507168,-1.6304896179266644,-0.9265982914618106,-0.2711913445917817,-0.8734879816368474,2.0728846477363163,-0.39813534695161434,-0.7924932563060236,2.4670226203294487
11_0044_S,844579.7468,247292.7989,325.0,47.540609,21.63257867,167.98,18.25662613,31216.33984,1.840697885,9.213582993,73.04083252,54.32165146,11574.36035,10531.375,504.6549988,1.213436365,12.60893059,87.97305298,2623.521729,81.16003418,209.2794342,2.4138369613711843,0.6291766069261909,-0.1292773418954508,-0.048486100797256244,-0.8891262712751102,-0.9948354280004713,0.08455659648718322,-0.5642219014266371,0.13191396437000302,-0.570129323005896,-0.1626652112111024,2.889845791473969,-0.12121887370531602,-0.4059934848814847,1.5805999860310747
11_0045_S,844357.1482,247326.0067,326.0,47.54097367,21.629638,163.98,17.10010147,24987.52148,1.474639893,12.97442055,96.65737915,43.80140305,15352.03223,14395.24707,747.1421509,1.052410603,32.79385376,76.0919342,3087.268555,115.9289703,118.2969742,2.1629221763105333,0.029771997517225923,0.4591876003614221,-0.07657044505599925,-1.0475259823026182,-0.9697516696243814,0.0964504011481106,-0.7646624845299119,-0.49994393584446617,0.4740229939290326,-0.5607772752598111,2.585441429057596,-0.6738773121607812,-0.8432393242875255,1.3476769120426073
03_0030_S,841409.7463,250911.1911,328.0,47.57407252,21.59205658,162.22,10.14640617,28039.11914,1.693257809,6.893138409,67.75817108,32.04348755,8525.594727,9612.647461,327.4362793,1.56395781,11.04874516,8.92874527,2495.508301,85.02325439,391.0186157,-1.1070435091602133,-0.27518222178338597,-0.2550526377996137,-1.6516613810800178,-0.4322037650320425,-0.40185943474441527,-1.7234422200304031,-1.012734880696216,-1.785151832926574,0.8432190892461827,-0.9006609762005721,-1.1591870134150375,-0.3855734994275449,0.0616714730944524,2.4554607666471777
03_0031_S,841428.9309,250872.1844,329.0,47.57371624,21.59229457,166.22,9.520864487,26377.75195,1.545817852,7.130399227,82.67389679,74.33074951,8781.394531,9677.804688,384.4920349,1.391605735,12.70644093,2.778523207,2476.990723,90.81806183,190.7668762,-1.1070435091602133,-0.27518222178338597,-0.2550526377996137,-1.6516613810800178,-0.4322037650320425,-0.40185943474441527,-1.7234422200304031,-1.012734880696216,-1.785151832926574,0.8432190892461827,-0.9006609762005721,-1.1591870134150375,-0.3855734994275449,0.0616714730944524,2.4554607666471777
08_0042_S,843088.7534,246544.6536,359.0,47.53432485,21.61245813,119.6677642,9.93546772,26969.22852,2.804141521,7.259967327,32.64408875,23.68917274,9418.273438,8452.833984,364.6089783,1.983971834,1.590110898,6.901967049,1967.352173,52.04795837,52.14842606,-0.4764550562325971,0.3228241246444094,1.5095455079537212,-0.6468549843317597,-1.8173987789779635,-0.8258014873038557,-0.5189654288245878,-1.1663310874263495,-0.5973699074561853,1.4695434461947892,-1.759025357756169,-0.39081425926296237,-0.6701061481023659,-1.3512736147294822,-1.3016939472878521
08_0043_S,843075.6203,246509.2245,360.0,47.53401022,21.61226836,118.4370995,10.1100378,26665.63867,1.94746542,8.905649185,66.51519775,27.40220261,10915.95898,10212.10156,437.2254639,0.988122761,12.12136841,8.509410858,2763.612061,85.71310425,68.10234833,-0.4764550562325971,0.3228241246444094,1.5095455079537212,-0.6468549843317597,-1.8173987789779635,-0.8258014873038557,-0.5189654288245878,-1.1663310874263495,-0.5973699074561853,1.4695434461947892,-1.759025357756169,-0.39081425926296237,-0.6701061481023659,-1.3512736147294822,-1.3016939472878521
08_0044_S,843032.5927,246099.2315,361.0,47.53033714,21.61151868,114.4595604,14.47428131,31107.4668,1.733931541,11.01575661,82.67389679,55.5593338,13277.62402,12870.54785,649.8879395,1.292724371,20.89742088,52.60927963,2869.082275,98.68247223,145.6142883,-0.4764550562325971,0.3228241246444094,1.5095455079537212,-0.6468549843317597,-1.8173987789779635,-0.8258014873038557,-0.5189654288245878,-1.1663310874263495,-0.5973699074561853,1.4695434461947892,-1.759025357756169,-0.39081425926296237,-0.6701061481023659,-1.3512736147294822,-1.3016939472878521
08_0045_S,843068.1018,246047.2528,362.0,47.52985938,21.61196738,114.036367,14.25606918,29455.52148,2.699917793,8.19386673,57.50361252,33.59057999,10062.87793,8211.748047,513.2998047,1.839171171,3.637858629,48.48583603,2248.337891,61.01612091,95.49491882,-0.4764550562325971,0.3228241246444094,1.5095455079537212,-0.6468549843317597,-1.8173987789779635,-0.8258014873038557,-0.5189654288245878,-1.1663310874263495,-0.5973699074561853,1.4695434461947892,-1.759025357756169,-0.39081425926296237,-0.6701061481023659,-1.3512736147294822,-1.3016939472878521
11_0046_S,844266.9035,245191.1439,365.0,47.5218085,21.62750448,116.4825585,12.94679642,24928.89648,2.748216867,9.0638237,58.43584824,51.43373871,10890.43359,9840.698242,477.4238586,1.740290284,3.832878828,35.41661835,2176.682617,64.87934113,102.1172867,0.17727594082812256,2.1611708044194278,0.36957423854023663,0.08110660568258438,0.8112369424156657,0.07404544679561255,0.08907179960889626,0.7057739037155732,1.357883113525665,0.8917652735456785,-0.0843920868184523,0.37130072656012353,-0.6917633588555094,-0.2615232875978458,0.9363006681276017
08_0049_S,844203.2851,245169.3762,367.0,47.52163168,21.62665065,124.592193,12.05212688,27624.5625,0.694225788,10.59171581,148.862381,254.309433,12484.14746,12877.06543,617.0376587,1.083024263,26.65061188,27.72884178,2612.250244,100.8900223,353.9934692,0.28101335800777555,2.9043012631966794,0.9960344152219682,-0.510234508903146,0.47498206088067174,0.004991356694543525,-0.5590741023922053,-0.08482040112674297,0.4315910116607459,1.7170949370992874,-0.8019141664863288,0.4634987425172042,-1.3593801197147921,-1.014131952985438,0.5048349969757981
11_0047_S,844247.6825,245163.0315,368.0,47.52156148,21.62723708,115.1728661,19.2967701,25836.52539,2.915993214,11.7830677,119.0309525,148.7975769,13354.06055,10583.50098,536.2086182,2.052851677,21.97005463,96.35971069,2245.922363,77.15884399,185.5743256,0.28101335800777555,2.9043012631966794,0.9960344152219682,-0.510234508903146,0.47498206088067174,0.004991356694543525,-0.5590741023922053,-0.08482040112674297,0.4315910116607459,1.7170949370992874,-0.8019141664863288,0.4634987425172042,-1.3593801197147921,-1.014131952985438,0.5048349969757981
08_0050_S,843508.7396,245640.1487,369.0,47.52606949,21.6176385,114.4818938,11.80481911,26242.70703,1.878828883,9.046996117,69.00114441,41.73862076,11236.3291,9957.984375,482.1784668,1.434157848,18.16710091,24.65373993,2267.660645,72.32982635,93.23728943,-0.8650916486823277,-0.47280742488094657,-0.9316044571994196,-1.8589951428584999,-1.1014268794965283,-0.8002466372846221,-1.8145728854550145,-0.5811151646447746,-1.9542169530118314,-0.25541700994910377,-0.1304695860622851,-0.8396842865246914,-1.2477247215641007,-1.1736656067537226,-0.7688472905659315
08_0051_S,843450.6921,245607.7216,370.0,47.52579513,21.61685392,118.5125971,12.11758995,28895.45117,1.454303622,6.672704697,62.16477585,35.85965347,8029.033691,11209.01758,403.9428711,1.290581942,15.82681179,28.777174,2097.781006,66.53501129,94.89287567,-0.8650916486823277,-0.47280742488094657,-0.9316044571994196,-1.8589951428584999,-1.1014268794965283,-0.8002466372846221,-1.8145728854550145,-0.5811151646447746,-1.9542169530118314,-0.25541700994910377,-0.1304695860622851,-0.8396842865246914,-1.2477247215641007,-1.1736656067537226,-0.7688472905659315
08_0052_S,843441.2104,245627.01,371.0,47.52597133,21.61673648,112.3078881,9.680887222,26002.97656,1.35516274,8.500118256,95.10366821,43.07942581,10401.59961,11886.66309,435.0642395,1.040164948,23.23770905,4.316078663,3022.054199,107.5126648,124.994606,-0.8650916486823277,-0.47280742488094657,-0.9316044571994196,-1.8589951428584999,-1.1014268794965283,-0.8002466372846221,-1.8145728854550145,-0.5811151646447746,-1.9542169530118314,-0.25541700994910377,-0.1304695860622851,-0.8396842865246914,-1.2477247215641007,-1.1736656067537226,-0.7688472905659315
08_0054_S,843714.5404,246589.8054,373.0,47.53454587,21.62078488,124.5275377,12.05940056,26865.58984,1.952549458,6.809003353,41.65567398,39.77896118,8839.894531,7840.348145,318.3592224,1.547121286,7.050760269,26.68050957,1845.779663,53.42766953,141.4000397,-0.879779876129629,0.3549162607398955,1.3276398115565016,-1.8680865837325773,-0.6541793375380502,-1.085838489834506,-1.6497341666338494,-2.158825295584939,-1.1187842276203883,1.5893880212301197,-1.9849346917233985,-0.8337775491101334,-1.2350719536452308,-1.4603025460263996,0.5887148992884389
08_0057_S,843815.0498,246981.6743,380.0,47.53803894,21.62229043,114.4629174,11.73208237,30406.07031,2.252513647,7.037850857,32.33335114,41.9448967,8875.766602,8602.696289,397.459259,1.585999608,1.687621117,24.30429268,2067.991699,62.11991119,303.3473206,-0.5956620845146423,0.020626708634816162,1.8937710147386302,-1.6337332278773722,-2.0056600491274623,-1.1556638036138118,-1.452826007084102,-1.8807271228475815,-1.5824957997936533,1.9056885627868279,-1.8878724486606018,-0.5078568584178292,-1.5541008403839753,-1.689217398426824,1.2835535089784824
08_0058_S,843810.1281,246954.7436,381.0,47.53779829,21.62221332,119.526455,9.448127747,29686.87695,2.272849798,6.565011501,43.83088684,23.4828968,8664.393555,8889.393555,440.2510986,1.638961077,5.393064499,2.149521112,1837.728394,57.84276962,70.51048279,-0.5956620845146423,0.020626708634816162,1.8937710147386302,-1.6337332278773722,-2.0056600491274623,-1.1556638036138118,-1.452826007084102,-1.8807271228475815,-1.5824957997936533,1.9056885627868279,-1.8878724486606018,-0.5078568584178292,-1.5541008403839753,-1.689217398426824,1.2835535089784824
08_0060_S,843772.5762,246973.2766,383.0,47.53797602,21.62172291,123.8166757,10.8592329,29907.76563,2.501636028,7.039533138,66.20446014,36.16907883,8803.194336,10394.54395,505.9517517,1.671716571,6.465698719,15.91762829,2349.782471,80.3321991,92.40948486,-0.5956620845146423,0.020626708634816162,1.8937710147386302,-1.6337332278773722,-2.0056600491274623,-1.1556638036138118,-1.452826007084102,-1.8807271228475815,-1.5824957997936533,1.9056885627868279,-1.8878724486606018,-0.5078568584178292,-1.5541008403839753,-1.689217398426824,1.2835535089784824
11_0048_S,844328.8851,245190.2422,384.0,47.521782,21.62832667,161.06,15.87084007,26847.79297,1.317031741,10.42008114,86.09207916,100.4250793,12604.73535,14017.33008,579.0004272,1.143944383,24.11531258,64.6301651,2617.88623,91.64589691,196.1851959,0.17727594082812256,2.1611708044194278,0.36957423854023663,0.08110660568258438,0.8112369424156657,0.07404544679561255,0.08907179960889626,0.7057739037155732,1.357883113525665,0.8917652735456785,-0.0843920868184523,0.37130072656012353,-0.6917633588555094,-0.2615232875978458,0.9363006681276017
11_0049_S,844481.8878,245193.5528,385.0,47.52176633,21.63035867,162.12,13.01953316,39026.96484,1.868660808,6.40683794,78.94496918,36.89104843,8304.563477,9710.383789,371.9570618,1.238844752,10.26865196,36.18540192,2601.783691,79.0904541,96.02169037,0.17727594082812256,2.1611708044194278,0.36957423854023663,0.08110660568258438,0.8112369424156657,0.07404544679561255,0.08907179960889626,0.7057739037155732,1.357883113525665,0.8917652735456785,-0.0843920868184523,0.37130072656012353,-0.6917633588555094,-0.2615232875978458,0.9363006681276017
11_0050_S,844738.0418,245299.4656,386.0,47.52264233,21.63380467,162.48,14.77250481,26367.2832,1.278900623,10.35277176,91.68547821,177.6766815,12626.53418,11775.89453,572.0845947,1.07598269,17.48451805,53.58772659,2558.307373,89.99022675,326.4504089,-0.23136540423929833,2.410808151723663,-0.14961534744993868,-0.2519411281355548,-0.5878482148035773,-0.6927284356347678,-0.0686779636196059,1.608250816154642,1.3843277550627633,-0.3218570425905365,0.42948486168237043,-0.07958961776696229,-0.11506841241148534,0.3039045527477691,-0.0744185813798224
11_0052_S,844964.7194,245685.3625,387.0,47.526044,21.63698267,161.42,10.30642891,29878.45313,1.245853662,9.757095337,66.82593536,34.00314713,12129.2832,14525.56445,579.4326782,1.126494646,30.35605431,10.74585152,2682.29541,95.50911713,82.70167542,0.8314707666347286,-0.21470999424721043,-1.8127723639430628,1.0649172793685235,-0.29414353689935285,-0.7738938465814478,1.2565841106955995,2.0736225720430146,1.261236083033401,-1.7703357778959885,1.47684211784861,1.1261084267941142,0.5873227783637778,1.1247236047264295,1.3828072209963633
11_0053_S,845065.8953,245897.1372,388.0,47.52791767,21.63841867,167.48,15.68899632,30333.83789,1.594118118,10.23498344,97.27887726,80.31285095,12476.14551,11990.91406,440.6833801,1.165680051,20.50737953,61.69483185,2846.539063,96.88883209,207.3228302,1.169363418276976,0.19731410078750597,-1.4548383686828366,0.4354800164131514,-0.6557019539328403,-0.9653125382417885,0.6187252917985452,0.8077618031348943,-0.1035712862896032,-1.0956360906756604,0.617391088047216,1.5063318796274203,0.36647159164481674,0.6497487491883782,0.6192348877467608
11_0055_S,845162.8023,246279.8192,389.0,47.531329,21.63987333,169.18,15.74718571,29974.76367,0.544243157,11.04436207,151.6591034,78.86889648,13365.78809,13645.93066,627.411438,0.693317294,36.7918396,62.4636116,3373.890137,125.449028,204.0116425,1.591316780684127,-0.46462959980294455,-1.7763053773559327,0.7755988268416795,-0.2626919485089611,-0.9040271207399642,0.9661909085428897,0.16764774130668197,-0.04164003950450716,-1.2417090426647892,0.31626553415944325,1.9661192973384707,0.08027390885747034,0.4271223660996352,0.8744080031605449
11_0059_S,845137.1177,247261.7929,390.0,47.54016433,21.63996467,174.72,15.55079556,27546.04883,1.802566886,9.92031765,91.68547821,310.8299561,11783.25,9847.21582,477.8560791,1.302520514,14.16911602,60.22716141,2885.184814,93.30156708,235.0164032,1.1724534225473267,-0.7088144556904081,-0.23554025211467242,-0.2073335075973065,0.043358396870375356,-0.07000940534160018,-0.26635270247129794,-1.2561186789310388,-1.1134770356379315,-0.45588470027378125,-0.6835834663572334,1.4612763458991171,0.005675287991365672,-0.2762592037589833,1.471260191944271
11_0061_S,845317.6735,247669.3912,391.0,47.54377467,21.64254133,172.46,11.10653973,24848.28906,0.434934139,7.056359768,119.0309525,41.53232956,8389.416016,12929.19043,413.8844299,0.741073549,27.13817215,18.1540699,3042.182373,113.8593903,96.54846191,-0.2760185549729458,-1.3256882296312624,-1.024863487691532,-0.04050929359498645,0.55283854987934,-0.12797753839738027,0.03372009819613108,0.3114993403589938,-0.3278966842515616,-1.3234389601364926,0.27232044965367597,-0.1629203689517475,1.2454145035527495,0.9765031422876245,0.03412792189621029
11_0066_S,845788.1983,248674.1291,392.0,47.55266633,21.64923233,166.3,17.60198975,25517.23242,2.206755877,11.40782642,106.9119415,142.19664,13302.73535,9352.012695,438.5221558,1.402320027,10.17114258,81.12393188,2662.16748,86.54093933,221.3201294,-0.04369355515106911,-1.020044112293008,-1.4856120142007427,0.7695301350129483,1.4651497352501448,-0.4327607661459932,0.7128866979122513,1.2782615023654276,-0.14327353345124527,-1.926837343719979,1.4380476316655315,0.07415443271746402,1.452515638337089,1.1462250104548641,0.047763997267577844
