SampleID,EOVXX,EOVYY,OID_,esrignss_l,esrignss_1,esrignss_a,Medi·n_As,Medi·n_Ca,Medi·n_Cd,Medi·n_Co,Medi·n_Cr,Medi·n_Cu,Medi·n_Fe,Medi·n_K,Medi·n_Mn,Medi·n_Mo,Medi·n_Ni,Medi·n_Pb,Medi·n_Ti,Medi·n_V,Medi·n_Zn
02_0001_S,845588.4737,253695.1635,,47.59786309,21.64879888,128.4968723,9.688160896,23388.96484,2.54739356,8.905649185,79.5664444,17.50079918,11061.93262,8237.810547,520.2156982,1.462628007,11.34127522,4.735413551,2890.820313,87.09283447,35.59247971
02_0002_S,845531.7683,253673.3173,1,47.59768366,21.64803559,131.5599051,7.913368225,23967.87891,0.887422323,5.787603378,67.13669586,12.96265316,7262.875488,10427.12109,358.9898376,1.062206745,19.82479668,,2478.60083,85.71310425,47.25690079
02_0003_S,844190.8998,252484.0235,2,47.587392,21.62969283,134.9302822,7.462396145,26640.51367,0.910301208,4.46,46.00609589,11.41555882,5940.69043,8772.107422,238.3946381,1.329154253,10.3661623,,1737.894043,48.59864807,34.83993912
09_0002_S,841534.3167,237929.3044,3,47.45732932,21.58810663,107.0423955,9.128083229,24443.1543,0.816244364,11.26143074,131.1499786,27.40220261,13121.30273,15919.94629,669.3388062,0.811789691,38.54704285,,3343.295654,120.7579727,59.89962006
09_0003_S,841724.0866,237648.7115,4,47.45475128,21.59050112,102.927714,8.080664635,25916.08594,2.933787823,8.113096237,49.11352539,10.07474613,10013.75977,8628.758789,404.3751221,2.007544518,3.735368729,,1947.224365,53.42766953,36.57078552
09_0004_S,841715.293,237510.6059,5,47.45384644,21.59019975,104.9618912,8.058842659,24966.58398,1.72630477,7.090014458,86.71356201,18.32591629,8798.779297,10896.26074,309.714386,1.354563713,18.2646122,,2605.00415,87.64471436,47.48265839
09_0005_S,841574.7107,237019.475,6,47.44913803,21.58825011,104.1042519,9.004428864,24383.48242,0.27224195,9.243872643,106.9119415,24.10173607,11212.45996,14062.94141,526.2670288,0.657193482,32.98887253,,2930.270996,114.1353302,48.68672562
09_0006_S,841562.5954,236811.795,7,47.44727449,21.58800009,103.4197544,7.506039143,23641.25977,1.317031741,5.415726185,86.09207916,18.01649666,8179.284668,11287.20898,388.3822021,1.042614579,19.43474388,,3786.109375,125.8629379,28.74433708
09_0007_S,841581.6286,236802.8929,8,47.4471889,21.5882485,102.495594,7.469669819,24786.52344,0.501028061,3.966920376,99.14333344,20.90440941,5861.080566,10909.29199,252.6586151,0.567190051,23.33522034,,3339.27002,113.721405,25.13212395
09_0008_S,841528.8489,236479.6568,9,47.44429837,21.58740983,102.3579799,7.549681187,25117.33203,0.923011899,5.838084221,86.09207916,19.97615433,7457.001953,11717.25195,384.4920349,0.848832786,28.9908886,,3166.170166,114.1353302,31.37823105
09_0009_S,841600.1135,236901.9082,10,47.44807366,21.58853613,104.1917801,8.27705574,23840.16211,0.923011899,7.525833607,88.26728821,19.76986694,9332.591797,11319.78906,480.8817749,1.022409081,24.31033325,,2848.14917,101.5798874,40.4840126
09_0010_S,840455.5919,237966.2952,11,47.45797616,21.57382343,107.7959932,8.45162487,24835.72656,1.423799276,8.920793533,139.5400543,27.60847855,10864.63281,13020.41406,523.673584,0.513617575,31.13614655,,4057.433838,147.3865662,48.15994644
09_0011_S,840167.7985,237734.3594,12,47.45597456,21.56990933,105.2346206,7.847904682,27427.75391,2.677038908,8.19386673,76.45901489,19.97615433,9879.790039,10355.44922,376.27948,1.864580154,10.65869331,,2272.491455,82.2638092,34.53891754
09_0012_S,839943.7139,237755.0333,13,47.45622539,21.56694787,105.0930188,8.160676003,27235.13086,2.013559341,9.615749359,80.80942535,20.59498215,11553.38867,12049.55664,473.1014404,1.430790067,19.92230606,,2499.533936,95.23317719,43.19316101
09_0013_S,839554.035,237784.6943,14,47.45660483,21.56179521,108.3920709,8.480719566,25133.03516,0.879796863,9.794115067,79.25570679,21.83266449,11750.41211,13202.85645,632.5982666,0.809035182,33.76895523,,2546.230713,101.5798874,46.80537033
09_0014_S,839497.6779,237775.6481,15,47.4565398,21.56104431,104.9903168,7.826083183,23566.93164,1.858492613,7.699151993,68.37966919,14.61288643,9496.779297,10120.87793,356.8286438,1.633143663,14.26662636,,2123.544678,67.22486115,33.33485031
09_0015_S,842579.0738,234649.0462,16,47.42753333,21.60053526,101.9541548,7.986105442,24101.87695,1.454303622,8.553964615,64.33998871,19.15103912,10640.42871,11078.70313,420.8002625,1.10873878,19.53225517,,2638.013916,85.85107422,39.58095551
09_0016_S,842422.3737,234524.4662,17,47.42645933,21.59840545,102.6772816,8.437077522,23730.24219,1.672921658,8.441223145,134.2574158,18.22277832,10543.57227,11202.50293,436.3609314,0.659335911,27.62573433,,4186.252441,139.5221558,38.0758667
09_0017_S,842659.8289,234268.7196,18,47.42409042,21.60144049,101.623231,8.480719566,24266.23438,0.325625122,7.584728718,116.8557434,25.75197029,9214.764648,15392.16699,534.4796143,0.599334002,37.08436966,,3269.225098,124.7591629,41.16129684
09_0018_S,842699.274,234134.0706,19,47.42286832,21.60190474,102.0061326,8.546183586,23957.41016,1.009442091,8.545550346,108.1549149,22.86405563,10033.21484,13346.20215,503.7905273,0.594742,29.57596207,,3321.557617,123.6553879,40.93553162
09_0019_S,842726.2319,234004.0042,20,47.42169108,21.60220554,103.092723,7.949737072,24079.89258,0.989105821,9.277525902,134.2574158,21.31696129,11129.95313,14141.12988,461.8631592,0.662091553,39.32712555,,3508.344482,126.966713,41.01079178
09_0020_S,842779.0026,233887.6395,21,47.42062944,21.60285418,100.7768613,8.888049126,23922.86328,0.704393923,9.321275711,122.7598801,27.50534058,10864.63281,15652.79785,638.6496582,0.59504807,36.1092453,,3149.262939,128.0704956,59.07182693
09_0021_S,842298.8724,235140.6292,22,47.43203495,21.59703556,101.2800808,12.32125473,24633.68359,1.57632339,9.238823891,76.14826202,19.36,11086.35449,11195.98633,492.9845276,1.204558372,17.19197655,30.03517914,2453.642578,85.02,61.40470886
09_0022_S,841147.796,234926.1941,23,47.43044362,21.58169268,101.9116168,8.975334167,24393.95117,1.05519855,10.38642693,97.58961487,24.72057724,12611.77148,14610.26953,572.5168457,1.000674486,29.86850357,,2999.510986,106.4088898,52.5999527
09_0023_S,840489.6966,234893.9552,24,47.43034525,21.57295986,103.341942,8.371613503,23930.19141,1.512770891,9.40541172,114.6805267,20.38870621,11098.90918,12877.06543,456.2440186,0.861995518,28.50333786,,3243.461426,118.5504303,42.81689453
09_0024_S,839704.8607,235143.631,25,47.43281738,21.56266812,102.6841014,8.975334167,24736.27539,0.27224195,11.19748878,144.5119934,29.67127609,12573.69141,17190.5293,598.4512939,0.34861201,47.03056717,,3414.951172,138.8323059,54.55656815
09_0025_S,839690.5997,235337.4401,26,47.4345639,21.56256179,104.7394745,9.106261253,24042.20703,1.416172624,11.90254021,112.1945801,24.41114998,14413.13281,14356.15332,539.234314,1.0502671,36.40177536,,3224.138428,117.7225952,51.01961136
09_0026_S,840832.6532,235491.8244,27,47.43562053,21.57775998,103.0936842,8.022474289,23808.75586,0.112092346,6.819099426,91.99621582,23.27662086,8292.28418,12179.87402,330.8941956,0.550965607,24.11531258,,2594.537598,93.30156708,41.8385849
11_0001_S,845825.0044,248689.6706,28,47.55279503,21.64972795,178.38,12.29943371,28420.17773,1.28398478,11.45494175,105.9797058,45.3484993,13544.04785,15046.83008,611.850708,0.919548988,26.16305923,29.4760685,3054.259277,111.7898102,117.4691696
11_0002_S,845786.6969,248448.0678,29,,,,11.75390244,25837.57227,0.330709189,10.45541763,102.5615158,36.78791046,12569.27637,14369.18457,541.3954468,0.556475759,34.06150818,24.37417984,2966.501221,100.4761124,152.4624329
11_0003_S,845612.306,247789.1713,30,47.54476346,21.64650597,172.52,13.44868374,26476.15625,1.027236819,10.98715019,109.7086258,50.19607162,13152.75879,12544.75977,571.6523438,0.777809441,24.89540482,40.58839798,3085.658447,109.3063049,149.0007324
11_0004_S,845447.2237,247552.9657,31,,,,11.33202553,25066.03516,1.078077435,9.755413055,82.05239868,35.7565155,12415.57617,11880.14551,613.5796509,0.878221095,18.45963097,21.29906845,2636.403809,81.29800415,112.7281494
11_0005_S,845697.4293,247043.7221,32,,,,27.26151657,29295.35156,3.289676666,23.90356636,128.9747772,110.1202011,27514.8125,11867.11426,813.2749634,2.151732922,19.23972511,173.3772278,2526.907959,101.3039322,315.0117493
11_0006_S,845300.5969,246965.3028,33,,,,28.13436508,27692.60742,1.637333155,10.85590076,89.51026917,44.52338409,12664.47656,10355.44922,491.6877747,1.248335958,18.75216293,181.2047882,2531.738525,91.50792694,191.218399
11_0007_S,845339.1357,246566.7592,34,47.53385592,21.64234035,168.24,9.69543457,23912.39648,1.306863546,8.217424393,73.35157013,24.10173607,10306.9502,11645.57715,465.3210754,1.210680723,18.84968376,4.735413551,2225.794678,80.60813904,77.28337097
11_0008_S,845623.6295,246415.3844,35,,,,7.600597382,26039.61523,,6.036643028,139.8508301,23.68917274,7315.304688,10824.58594,320.5204163,0.224628299,30.16103363,,2753.145508,103.9254074,56.51317596
11_0010_S,845201.531,246621.2546,36,47.53438687,21.64053774,163.66,20.68605614,27638.17188,1.398377776,12.34508991,79.25570679,54.63106918,15171.15039,10277.25781,699.5956421,1.042002439,16.60690498,110.2675934,2507.584961,80.05625916,260.000824
11_0011_S,845273.8719,246193.9274,37,47.53052373,21.6413098,161.12,14.44518661,26440.56445,1.329742432,9.592190742,61.85403442,27.60847855,11710.125,10205.58398,417.3423462,1.087616324,13.29151344,50.44272614,2295.8396,79.0904541,136.9600372
11_0011_S,845254.5481,245868.7248,38,47.52760601,21.64091011,159.8,14.44518661,26440.56445,1.329742432,9.592190742,61.85403442,27.60847855,11710.125,10205.58398,417.3423462,1.087616324,13.29151344,50.44272614,2295.8396,79.0904541,136.9600372
11_0012_S,845261.9197,245934.3315,39,,,,20.49693871,28903.82617,1.215349317,11.3102293,82.67389679,53.18712234,13672.91406,11332.82031,647.7267456,1.085778832,20.79990959,109.2192612,2688.736084,93.85344696,267.601532
11_0014_S,845219.3346,245894.6932,40,,,,13.73963451,26130.69336,1.380584121,10.46046543,73.04083252,38.74756622,12338.03516,12714.1709,573.3812866,1.308643818,22.65263748,43.94305801,2448.006592,84.60932922,118.6732407
11_0015_S,845545.4191,245990.4946,41,,,,16.03086281,24505.96484,2.582982063,9.910222054,58.12511063,123.940918,11517.79199,8192.202148,521.9446411,1.716106176,4.807991982,65.11938477,2276.516602,69.84633636,129.1335907
04_0001_S,844253.2189,244478.3654,42,47.51540481,21.62701073,114.0961353,17.91476059,30996.5,,11.56431675,118.4094772,68.55492401,13075.77148,14134.61621,601.9092407,0.847301424,36.01173401,,2997.900879,109.99617,768.7952881
04_0002_S,844106.249,244644.1332,43,47.51693861,21.62513301,115.9245462,35.66996002,26308.66016,5.244526863,11.74100208,125.8673248,92.7927475,13892.56543,8478.896484,1174.196167,1.25323391,41.08233261,0.961412549,3421.39209,128.2084656,257.3669128
01_0001_S,840811.5778,242245.5037,44,47.4963432,21.5803801,114.2664612,8.262507439,10140.42676,1.467014313,6.782079697,103.8044891,17.08824158,8533.182617,9840.698242,367.6346436,1.353338361,12.9014616,,2812.724365,88.74848175,40.18299103
04_0003_S,843992.668,244487.1969,45,47.51556144,21.62355714,116.0513705,14.80887318,32388.82422,1.062825322,9.306131363,72.41933441,41.63548279,11468.12207,16082.84082,508.112915,,18.55714226,,2795.81665,92.05980682,225.0075836
01_0002_S,839646.8144,241072.1902,46,47.4861332,21.56442803,113.4533012,8.924418449,24519.57422,1.15179801,10.33931065,110.9516068,21.31696129,12837.63184,13248.46484,622.6567993,1.054553032,29.57596207,,3361.081787,109.8582001,47.75630951
04_0004_S,843706.8613,244220.5236,47,47.51324869,21.6196481,110.9272247,11.07017136,31747.09766,1.553444505,9.053726196,98.52185059,25.85510826,11131.4707,12805.39063,520.6478882,0.976795256,20.11732674,2.848411083,2969.721924,101.5798874,58.16877365
01_0003_S,841587.528,241779.8254,48,47.49193026,21.59047228,109.8240834,8.095211983,26960.85352,1.111124396,6.654194832,62.78627014,26.0613842,8514.833008,10681.23828,394.4335632,0.869649231,19.04470444,,2600.978516,85.85107422,80.59455109
04_0005_S,843787.0979,243896.2924,49,47.51031015,21.62057117,112.4811627,,,,11.65013504,103.8044891,,13866.76367,,,1.356094003,35.23163223,7.530965328,3059.089844,105.4430847,
04_0006_S,843795.5328,243405.9871,50,47.5103142,21.6205656,112.4996553,11.00470734,47634.25391,3.185451746,9.437382698,106.6011963,27.0927887,11444.66699,8902.424805,332.6231384,0.997306764,28.21079636,,3656.486084,125.311058,88.94779205
01_0004_S,841350.5471,241253.7806,51,47.48727036,21.58710227,111.7923686,10.8592329,25319.37695,3.038011789,6.127509117,,11.72497845,8063.526367,4569.413086,240.9880829,2.439497471,,15.28863049,1409.406738,27.48894691,42.66637802
01_0006_S,841608.2352,240240.1285,52,47.47808226,21.59008271,108.6209937,8.749848366,28070.52539,,6.204913616,97.58961487,29.25872231,7733.911621,13574.25586,373.6860352,0.439226449,32.59883499,,2609.030029,106.2709198,67.87657928
04_0007_S,843406.2312,243068.4832,53,47.50298082,21.61515686,108.9900868,,,,6.474145889,41.34493637,,7722.598145,,,,,42.47539902,1470.595581,37.83684158,
04_0008_S,843433.8752,243048.3227,54,47.50279142,21.61551482,109.6016706,9.637244225,28506.01953,1.904250383,8.160212517,57.8143692,20.18243027,10243.62109,8342.06543,324.8428345,1.691615343,15.72930145,,1880.399658,64.46543121,80.36878967
01_0006_S,841623.9935,239497.7105,55,47.47140325,21.58997148,107.68887,8.749848366,28070.52539,,6.204913616,97.58961487,29.25872231,7733.911621,13574.25586,373.6860352,0.439226449,32.59883499,,2609.030029,106.2709198,67.87657928
01_0007_S,841175.1639,239196.9827,56,47.46883075,21.58389109,106.5499306,7.229636669,24378.24805,0.8848809,4.209229469,81.12017822,22.34836578,6448.289063,10694.26953,212.4601746,0.858016789,13.77907562,,2789.375732,94.1293869,45.90231705
04_0009_S,843273.5782,243809.2455,57,47.50967936,21.6137196,112.1277906,9.178998947,27060.30469,1.34753716,8.856850624,85.15984344,20.28556824,10482.86523,11482.68359,405.671875,,32.40381241,,2746.704834,100.8900223,78.93896484
04_0010_S,842457.2449,243278.582,58,47.50514913,21.60265798,111.3083269,13.52869606,38444.91016,2.359280109,9.040265083,107.5334167,60.61317062,10606.34961,12720.68555,783.0181885,1.22813046,40.88731003,7.11163044,2880.35376,115.7909851,222.6746979
01_0008_S,841692.3281,238723.8353,59,47.46442606,21.59054374,107.6453525,9.040798187,26029.14648,1.215349317,7.453477383,57.8143692,22.03894043,9373.570313,10355.44922,465.7533264,1.049654961,8.610957146,,2422.24292,70.39823151,66.97353363
01_0009_S,840396.2209,238833.8127,60,47.46579254,21.57340799,106.6610296,8.786216736,23958.45703,0.694225788,9.652768135,104.7367249,27.50534058,11342.98242,15900.39746,510.7063904,0.576986134,31.91623878,,3414.951172,127.1046829,50.19181442
01_0010_S,840473.8463,239176.1454,61,47.46884761,21.57458383,111.3932518,8.677110672,24616.93359,1.06790936,10.62705231,96.96811676,27.71162796,12204.75488,14317.05859,594.5611572,0.838117421,33.86648941,,3005.952148,113.5834351,57.19046402
01_0011_S,840545.0356,240465.619,62,47.48041946,21.57608066,111.5836081,8.69165802,23979.39453,1.177218318,9.294353485,99.45407104,23.58603477,11246.40137,13085.57031,474.8303833,1.078432322,28.79586792,,2626.742188,96.19896698,45.90231705
01_0012_S,840014.6818,240742.2183,63,47.48306013,21.5691658,109.730342,8.247960091,23361.74805,1.827988267,8.419347763,64.65074158,16.88195992,10460.65137,9795.089844,391.8401794,1.197210789,13.87658501,,2943.958252,87.78268433,41.23655319
01_0013_S,839658.0337,240264.8968,64,47.47887226,21.56423214,109.1635677,8.538909912,24359.4043,2.097446918,7.014292717,69.31190491,17.60393715,8677.086914,10485.76367,352.5062256,1.780393958,9.098507881,,1955.275391,62.11991119,44.17146683
03_0001_S,837917.3764,258722.9244,65,47.64531157,21.54898158,152.485884,7.644239902,23580.54102,1.014526129,6.627271175,69.31190491,17.08824158,8244.408203,10244.68066,391.8401794,1.274050355,17.97206879,,2194.39502,76.19303894,30.92671204
03_0002_S,838101.0798,258548.9218,66,47.64369446,21.55135121,149.9951308,8.815312386,23731.28906,0.994189918,8.981370926,102.8722534,23.79232216,10930.99707,13860.95313,550.0403442,1.296704292,25.96802902,,2521.272217,93.30156708,46.7301178
03_0003_S,837361.035,258311.5783,67,47.64177346,21.54140609,154.5099951,8.531636238,23800.38086,0.44764486,9.136179924,108.4656525,25.23626709,11424.24707,11547.83984,495.5779724,0.849444926,27.43070412,,2766.027588,93.99141693,49.51453018
07_0001_S,841015.6385,245308.5159,68,47.52382024,21.58440558,114.6367204,8.662563324,28357.36523,1.261107087,9.536662102,110.6408615,495.1456909,10802.26953,15157.59863,495.1456909,1.010164618,29.67347145,,2790.181152,104.6152725,62.75928497
07_0002_S,840299.1635,245409.9017,69,47.52494034,21.57493992,114.0659443,7.636965752,25026.25586,2.481299639,6.563328743,46.00609589,279.8897705,8342.643555,7006.324219,279.8897705,1.971114635,3.930389166,,2022.905273,54.53144455,32.73281479
03_0004_S,839357.9824,257028.8272,70,47.62966614,21.56741909,145.5867825,8.662563324,23910.30273,0.95605886,9.642672539,101.3185425,22.03894043,12051.74316,13320.13965,570.7879028,0.986898541,30.7461071,,3153.28833,112.61763,49.81554031
03_0005_S,838071.6878,256403.2942,71,47.6244142,21.55004653,150.1242525,8.684384346,23615.08789,1.062825322,9.752048492,78.01273346,25.3394165,12290.98633,11248.11523,561.7107544,0.77321744,19.53225517,,2600.173584,88.74848175,49.74028778
03_0006_S,838150.0119,255862.2955,72,47.61952817,21.55085767,149.8454085,10.06639481,24583.43359,2.633823872,8.688580513,63.09701157,16.15998077,10474.03516,8908.938477,417.7746277,1.668961406,5.393064499,7.880412102,2606.614502,76.74493408,56.51317596
07_0003_S,840677.4124,244895.2216,73,47.52020332,21.57973892,114.1202921,8.626194477,23121.49219,2.60713172,7.227154255,43.52013588,356.8286285,9222.628906,6377.549072,356.8286285,1.88493824,,,1940.380859,45.14936256,46.27859116
07_0004_S,840611.0048,244142.5284,74,47.51345593,21.5785342,114.9226644,8.509814262,23511.44922,1.861035228,8.959495544,61.54329681,444.1412964,11347.25879,9827.666992,444.1412964,1.336807966,14.94920921,,2501.144043,72.8817215,45.67655563
03_0007_S,838926.8522,254883.3393,75,47.61050345,21.56076826,142.0181256,8.99715519,24077.79883,1.746642232,8.156847,72.41933441,21.62638664,9763.893555,8146.59082,413.452179,0.995776474,,,2364.274658,63.7755661,62.53352356
03_0008_S,839532.6324,254223.1337,76,47.60439297,21.56853843,139.5886291,9.135355949,24583.43359,1.233144164,10.84580326,104.7367249,28.33045769,13007.06152,16011.16895,632.1660156,0.993938982,35.62169266,,2981.798828,113.721405,59.44809341
07_0005_S,840827.8906,242994.7087,77,47.50307384,21.58091857,112.7330342,7.782441139,23406.76172,2.188961029,7.051312447,69.62264252,359.8543396,8669.913086,8394.19043,359.8543396,1.678758144,6.953249931,,2230.625244,75.77912903,29.12060165
03_0009_S,838924.2718,253280.9481,78,47.59609896,21.5600493,147.3069137,9.106261253,24364.63867,1.311947584,6.940254211,93.54993439,19.25417709,8751.591797,9123.961914,315.7657471,1.159862757,13.19400311,,2394.868896,78.12464905,61.02843475
07_0006_S,839192.8481,242766.3613,79,47.50149529,21.55912907,110.748421,8.698931694,26052.17773,1.451762199,9.432333946,78.01273346,555.2271729,11763.93457,12160.3252,555.2271729,1.151290894,23.92028046,,2834.462402,97.44072723,47.18163681
03_0010_S,838517.8749,253190.6238,80,47.59540425,21.55460963,149.6693927,8.713479996,25594.70117,1.233144164,9.388585091,89.51026917,25.13312912,11349.87988,13776.24805,566.4654541,1.159556746,27.5282135,,2751.5354,96.88883209,57.41623306
03_0011_S,838174.7983,252888.7756,81,47.59278949,21.54992164,153.4107616,10.83741093,27213.14648,2.521972179,9.220314026,61.85403442,18.01649666,11342.56738,9664.772461,439.3866272,1.638041735,12.99898243,15.70795727,2294.229248,73.29562378,67.04878235
03_0012_S,836653.6299,253080.5079,82,47.59494914,21.52978668,148.9652533,8.79349041,24282.98438,1.113667011,9.688105583,109.7086258,22.55464172,11801.87598,13372.26758,555.2271729,1.158332467,27.72324562,,2774.883789,102.8216324,49.21350861
07_0007_S,839874.762,244334.7954,83,47.51539831,21.56884685,113.2527841,8.968060493,23714.53906,1.454303622,9.566950798,69.31190491,517.6222534,11698.12109,11495.71484,517.6222534,1.203946352,23.04267693,,2848.95459,90.68009186,49.13825607
07_0008_S,839815.6439,244069.6683,84,47.51303194,21.56794891,112.668852,9.964562416,29114.24609,2.740590334,6.485924721,36.68377304,319.2236633,8318.636719,8270.390625,319.2236633,2.094486237,,6.762183666,1748.360596,42.11397171,44.39723587
03_0013_S,839905.8666,252558.3717,85,47.58931877,21.57278477,139.1376345,7.440575123,27082.28906,0.401887178,3.665716648,74.9052887,19.87300491,4793.31543,11156.8916,181.7711029,1.211292744,19.43474388,,1625.98291,61.43004608,32.20603561
03_0014_S,840465.188,252635.7406,86,47.58985163,21.58025065,130.0767562,10.08094215,25989.36719,1.352621317,8.330164909,93.23918915,20.59498215,10384.9043,11971.36816,399.1882629,0.931181431,23.04267693,8.159963608,3187.908203,104.2013474,68.17759705
03_0015_S,840711.0921,252489.6288,87,47.58846645,21.5834554,127.1652295,8.800764084,27024.71094,0.582374156,8.002038002,119.6524506,27.19592667,9667.3125,13958.69043,445.4380188,0.563210189,33.18389511,,3442.325195,124.345253,77.81015015
03_0016_S,841334.5723,251052.8084,88,47.57536762,21.59111913,120.2128065,8.247960091,24097.68945,0.981479168,9.105890274,68.37966919,21.42009926,10706.10352,10459.70117,490.3910828,0.910365045,15.92433262,,2455.252686,84.60932922,49.51453018
07_0009_S,839479.8032,245018.9735,89,47.52166351,21.56389796,114.1169982,8.218865395,25843.85352,1.26364851,8.335213661,88.88877106,413.8844299,10024.66016,12564.30566,413.8844299,1.103228569,24.21282196,,2485.846924,91.36995697,50.41757584
06_0007_S,844875.4622,249628.4333,90,47.56151767,21.63753194,178.9,9.59,23454.92,,5.66,56.88,12.035,7100.21,7996.73,317.71,2.47,12.71,3.665,1991.105,58.465,38.45
06_0009_S,844851.9476,249979.1524,91,47.56467752,21.63737396,169.56,10.02,23929.15,,7.34,69,21.73,9002.7,11088.475,438.09,0.44,25.09,8.335,2420.63,89.16,55.76
06_0009_S,844827.7895,250265.1077,92,47.56725535,21.63717891,166.78,10.02,23929.15,,7.34,69,21.73,9002.7,11088.475,438.09,0.44,25.09,8.335,2420.63,89.16,55.76
06_0011_S,844868.3043,250557.6713,93,47.56987333,21.63784583,174.46,,,,,,,,,,,,,,,
06_0011_S,844535.4693,250577.5092,94,47.57015073,21.63343337,168.54,,,,,,,,,,,,,,,
06_0012_S,844652.4962,250308.9989,95,47.5677021,21.63486984,181.063623,18.92,24758.26,0.96,11.16,92.31,53.81,13433.53,12368.83,615.31,1.4,23.435,92.66,2510.81,96.34,133.8
06_0013_S,844696.5042,249789.6712,96,47.56302042,21.63522604,169.76,11.83,24090.36,1.62,9.57,69.31,29.88,11533.38,8733.01,709.54,1.52,15.315,25.455,2092.545,61.57,69.605
06_0014_S,845119.5374,249594.2619,97,,,,12.08,23736.52,1.62,8.23,59.99,32.66,10061.015,9795.09,361.15,0.35,22.02,27.52,2237.065,72.19,102.57
06_0015_S,845604.2798,248966.4558,98,47.55534925,21.64691916,163.44,,,,,,,,,,,,,,,
06_0017_S,845227.8162,249178.9929,99,47.55737231,21.64201352,165.1,,,,,,,,,,,,,,,
06_0017_S,844997.6422,248838.497,100,,,,,,,,,,,,,,,,,,
06_0019_S,845208.1508,248610.2475,101,,,,,,,,,,,,,,,,,,
06_0020_S,845164.9445,248583.4422,102,47.55203726,21.64091619,168.8,,,,,,,,,,,,,,,
06_0020_S,845375.5792,248381.5589,103,47.55015955,21.64362414,162.7,,,,,,,,,,,,,,,
11_0017_S,845372.6865,248190.9948,104,,,,10.83013821,24348.93555,1.034862399,8.136654854,91.99621582,28.53674507,10019.55469,11267.66016,499.4681396,0.778727591,30.16103363,15.84774113,2866.666748,92.74967194,95.57017517
11_0017_S,845619.8582,248466.9331,105,47.55085406,21.64690546,161.1,10.83013821,24348.93555,1.034862399,8.136654854,91.99621582,28.53674507,10019.55469,11267.66016,499.4681396,0.778727591,30.16103363,15.84774113,2866.666748,92.74967194,95.57017517
06_0021_S,844706.3712,247838.507,106,47.54547711,21.63449949,166.42,12.81,28391.91,2.51,9.32,66.2,38.95,11165,,427.28,1.67,8.705,31.57,2902.09,92.89,122.13
11_0017_S,844684.8981,247566.8193,107,47.5430411,21.63409503,161.8,10.83013821,24348.93555,1.034862399,8.136654854,91.99621582,28.53674507,10019.55469,11267.66016,499.4681396,0.778727591,30.16103363,15.84774113,2866.666748,92.74967194,95.57017517
11_0018_S,845176.242,247682.3763,108,47.54393359,21.6406693,171.52,7.62241888,25103.72266,,5.27437973,101.3185425,17.70707512,6819.433594,12851.00195,281.1864624,0.640355825,30.94112587,,2198.42041,93.16359711,37.69960022
11_0019_S,844977.573,247821.3012,109,47.5452417,21.63809273,171.4,8.749848366,25783.13477,0.488318503,9.190026283,103.1830139,45.24536133,11123.19238,13365.75098,789.0695801,0.520658016,32.69634247,,3453.59668,124.0692978,79.01422119
11_0020_S,845055.8483,247472.1057,110,47.54207921,21.6389783,166.96,12.82314301,25423.01563,2.839731216,8.80132103,41.96641159,40.08838654,10724.72949,7710.03125,482.1784668,1.669880152,4.710481644,34.57794952,2055.915039,60.87815094,176.4685516
11_0021_S,845244.7938,247926.7586,111,47.54611007,21.64168712,168.7,12.15395832,26220.72266,1.522940159,10.49580193,88.57803345,42.35746002,12878.47168,13665.47949,526.6992798,1.039858937,25.87051773,28.5675106,3085.658447,108.6164398,105.4284744
06_0022_S,844767.492,248298.6195,112,47.54959521,21.63551325,161.125,14.98,24919.47,1.65,9.33,71.18,42.87,11527.73,11176.44,559.55,1.14,20.12,55.61,2683.1,81.85,149.38
06_0023_S,844398.3879,248509.9433,113,47.5516047,21.6307049,164.64,,,,,,,,,,,,,,,
06_0025_S,844240.3198,248313.5726,114,47.54988631,21.62851985,165.4,,,,,,,,,,,25.48,,,,
06_0027_S,844050.264,248427.4172,115,47.55096613,21.62604608,170.76,16.06,28253.72,,7.595,41.97,33.38,8642.665,13717.6,678.565,0.43,16,67.67,1287.83,39.63,99.41
06_0028_S,843890.1415,248612.172,116,47.55267449,21.62400072,168.06,,,,,,,,,,,,,,,
06_0028_S,843790.6951,248641.3578,117,47.55296632,21.62269293,167.86,,,,,,,,,,,,,,,
06_0029_S,843603.5496,248648.2376,118,47.55308356,21.62021079,166.3,,,,,,,,,,,,,,,
06_0030_S,844087.2602,248764.7407,119,47.55398761,21.62668512,164.34,8.34,25052.43,,5.24,91.06,16.57,6812.54,11404.49,508.9774475,0.5,25.48,,2604.2,89.85,46.05
06_0031_S,844164.4377,248649.0221,120,47.55292443,21.62765928,160.02,13.57,24367.78,,7.89,86.09,25.86,9632.82,12427.47,474.83,0.68,28.02,41.7,2658.14,95.51,79.32
06_0032_S,844283.9893,249604.6763,121,47.56148,21.629666,165.38,,,,,,,,,,,,,,,
06_0034_S,843903.7579,249844.9309,122,47.56375262,21.62472122,165.3,,,,,,,,,,,,,,,
06_0034_S,843407.637,249725.8722,123,47.56282916,21.61807979,160.56,,,,,,,,,,,,,,,
06_0035_S,843232.7577,249549.4361,124,47.56129472,21.61568011,169.52,9.3,24814.79,,6.86,47.87,24.31,8655.98,9788.57,531.89,0.26,20.99,,2202.845,68.745,78.56
06_0038_S,842456.3219,249532.2806,125,47.56136934,21.60536052,153.78,9.89,34337.03,,7.48,71.18,22.04,9128.53,12987.83,509.41,1.01,22.46,6.375,2301.48,78.605,54.26
02_0004_S,840889.8018,262421.9002,126,47.67770192,21.59012296,160.1256026,7.833357334,23935.42773,0.808618844,6.080393314,60.6110611,18.84161186,7693.48584,11482.68359,335.6488342,1.018736482,21.67751312,,2388.428223,87.36877441,37.54908752
02_0005_S,841687.6662,257250.1397,127,47.6309764,21.59849665,149.8039323,6.02946949,23521.91602,0.704393923,1.158491731,19.90357971,4.50520134,3133.651367,7214.831543,123.4185867,1.58906126,,,1545.471313,42.66586685,12.63990974
02_0006_S,843155.074,257470.6574,128,47.63252663,21.61810786,148.7612092,9.622696877,34713.90234,1.393293738,6.982321262,64.49536133,27.19592667,8652.666992,11723.76855,396.5947876,1.086390972,20.70240021,4.17629528,2191.174561,74.53738403,67.1240387
02_0007_S,840151.9594,256677.1093,129,47.62627373,21.57782656,144.4723157,8.931692123,32728.00781,1.103498936,8.331848145,65.89372253,36.16907883,10053.49609,12127.74902,789.0695801,0.936386645,17.8745594,0.052855194,2157.359619,73.70954895,141.5505524
02_0008_S,840711.6605,255231.795,130,47.61311769,21.58464558,139.4796455,9.222640991,25213.64258,0.475607783,7.196024895,64.02924347,39.77896118,8663.705078,8817.71875,457.9729919,0.715357959,13.77907562,0.821632922,2170.241455,65.98311615,85.18506622
06_0040_S,842644.1109,248752.565,131,,,,17.62,26279.35,1.2,10.83,78.94,42.98,13049.14,12264.58,907.5,1.36,20.9,82.415,2315.97,80.19,156.23
08_0001_S,843107.5028,247266.9154,132,,,,10.18277454,23716.63281,2.712627411,6.617175102,38.5482254,18.01649666,8176.939453,7149.671387,215.0536346,1.856926918,,8.509410858,1858.661499,49.9783783,125.0698624
11_0022_S,844287.0568,247258.4551,133,47.5403872,21.62867784,165.08,18.80943108,29594.75391,2.496551991,9.109255791,46.62757492,48.44268799,11662.93848,9026.224609,577.2714844,1.775496006,6.270667553,92.51582336,2221.768799,62.94773102,216.3533478
11_0023_S,844348.9017,247192.7445,134,47.53977812,21.62947008,170.42,20.33691597,28346.89648,1.817818999,9.553489685,61.54329681,47.2050209,11461.22363,9091.381836,459.2697144,1.28568387,8.22090435,107.192482,2100.196289,68.32865143,230.7269287
11_0024_S,844622.8509,247172.1229,135,,,,14.8015995,30028.1543,1.408547044,8.634734154,87.33505249,46.1736145,10287.91016,11358.88281,404.8074036,1.186802626,18.45963097,53.37805557,2505.169922,89.7142868,319.7527771
08_0002_S,843591.3354,247288.7945,136,47.54086609,21.61945466,175.1,16.33635902,25423.01563,1.87628746,12.46792793,94.1714325,34.00314713,15093.88672,11782.4082,619.6310425,1.333134055,26.35807991,68.40415955,2803.062744,89.02444458,457.6186829
11_0025_S,844933.4993,246984.3974,137,,,,12.8813324,25125.70703,0.68914175,9.497960091,71.48709869,34.62198639,11663.62793,10342.41797,444.5735474,0.792809665,22.75014687,35.69617844,2503.55957,78.40058899,98.58033752
08_0003_S,843958.3238,247273.0404,138,,,,16.60548782,27377.50391,3.050722361,8.713821411,54.39618301,27.81476593,10909.61133,8270.390625,355.0996704,1.983053684,4.125409603,70.78038025,2063.966064,57.29088974,117.3186646
08_0004_S,843698.5782,246638.738,139,47.53499049,21.62059437,180.6,9.419032097,24405.4668,1.461930275,8.320069313,102.2507782,29.56813812,10168.70215,11997.43164,384.9242859,0.823117197,28.01577568,2.359188318,3513.980225,125.311058,90.90438843
06_0044_S,841746.8921,248020.1216,140,47.54798356,21.59528371,157.36,9.06,28642.11,0.84,7.35,61.695,26.065,9217.595,12218.97,390.33,1.61,24.8,,2051.89,70.12,66.035
11_0027_S,844442.0989,246829.6068,141,,,,21.07156372,32046.50195,1.766978502,8.89723587,81.74166107,45.76106262,10723.4873,12010.46289,749.7355347,1.081186771,23.43272972,114.9501419,2808.69873,97.30275726,128.6068115
08_0005_S,843833.1025,246378.9221,142,47.53261497,21.62226654,174,12.37944508,30180.99609,1.705968618,6.926792145,83.29538727,36.37535477,8768.287109,8355.09668,522.8091431,1.519569278,8.513435364,30.03517914,1968.962402,56.32508469,128.004776
06_0044_S,842285.3621,248001.3446,143,47.54765677,21.60242539,167.2,9.06,28642.11,0.84,7.35,61.695,26.065,9217.595,12218.97,390.33,1.61,24.8,,2051.89,70.12,66.035
08_0007_S,843739.1514,246258.5489,144,47.53156065,21.62096682,176.48,,,,,,,,,,,,,,,
06_0046_S,842698.0758,248098.723,145,47.5484108,21.60794773,151.66,8.03,29821.92,,6.67,88.425,23.07,8152.1,14466.92,342.56,0.75,32.31,,2224.99,79.23,53.5
08_0008_S,843994.275,246257.1038,146,47.53147211,21.62435265,180.4,17.17284012,26109.75586,2.082194805,12.854949,161.6029053,53.29026031,15953.58984,10068.75293,631.3015747,1.479465604,19.3372345,75.67260742,3253.927979,101.9937973,285.3615417
06_0046_S,842339.9084,248319.521,147,47.5505011,21.60328778,151.08,8.03,29821.92,,6.67,88.425,23.07,8152.1,14466.92,342.56,0.75,32.31,,2224.99,79.23,53.5
11_0029_S,844105.3425,246436.0052,148,47.53304747,21.62590526,180.98,9.186272621,28052.72852,1.721220732,7.470304966,50.04576111,31.32150841,9445.040039,9482.330078,518.9190063,1.369870067,6.368177414,,1956.080566,61.84395599,130.1118927
06_0048_S,842018.9206,248433.2947,149,47.55161817,21.59907479,139.68,,,,,,,,,,,,,,,
06_0048_S,843009.5142,247894.3743,150,47.54648197,21.61199403,177.34,,,,,,,,,,,,,,,
06_0049_S,843227.266,247829.2817,151,47.54583254,21.61485687,171.74,8.66,27104.27,1.81,6.8,53.77,33.28,8718.895,11384.95,425.555,1.64,16.22,,2130.39,66.4,66.52
06_0050_S,843275.0195,247936.75,152,47.54678456,21.61553779,163.94,9.28,24153.17,1.27,9.18,100.7,26.47,11388.79,12642.5,495.58,0.92,32.065,0.68,3464.06,115.65,55.01
06_0051_S,843236.4974,248212.1277,153,47.54927152,21.6151464,171.5,11.07,24855.62,0.85,11.13,100.08,48.24,13088.88,15470.36,654.64,0.86,35.82,18.08,3038.96,108.48,99.26
06_0052_S,843464.7265,248296.9211,154,47.54996637,21.61821391,167.42,24.35,24840.96,1.8,14.48,103.8,112.29,17009.21,12381.86,646.86,1.34,30.36,145.56,2814.33,104.06,329.16
06_0053_S,843724.804,247399.1772,155,47.54181892,21.62127486,176.12,8.57,24802.23,1.67,9.85,94.79,32.66,11757.73,12264.58,540.1,1.45,22.36,,2485.85,84.815,61.1
06_0054_S,843580.3696,247539.0914,156,47.54311945,21.61941841,169.7,,,,,,,,,,,,,,,
06_0055_S,843786.6268,247607.7082,157,47.54367526,21.62218683,171.4,,,,,,,,,,,,,,,
06_0056_S,843161.0493,247370.3048,158,47.54172598,21.61377762,193.74,,,,,,,,,,,,,,,
06_0057_S,842872.1307,247480.6687,159,47.54280333,21.60998984,172.575,,,,,,,,,,,,,,,
06_0058_S,842713.9544,247386.6652,160,47.54200485,21.6078489,170.3,,,,,,,,,,,,,,,
06_0059_S,842827.0905,247571.1427,161,47.54362995,21.60943122,174.8,13.03,25293.21,,9.73,91.69,57.93,11838.99,12173.36,318.79,,45.57,37.02,2289.4,79.09,250.07
08_0008_S,842709.237,247237.6974,162,,,,17.17284012,26109.75586,2.082194805,12.854949,161.6029053,53.29026031,15953.58984,10068.75293,631.3015747,1.479465604,19.3372345,75.67260742,3253.927979,101.9937973,285.3615417
08_0009_S,843040.2663,246558.2388,163,47.53446128,21.6118204,170.74,12.30670738,28303.97461,3.543884277,7.335688591,43.20938873,29.87755203,8900.740234,6602.344727,432.9030151,2.074893475,,29.68573189,1885.230347,53.70360947,81.94914246
08_0010_S,842540.1714,245968.6567,164,47.52930829,21.60492577,170.4,11.608428,25724.51172,2.293186188,6.315971851,34.1978035,35.44710159,8073.874023,5097.192871,321.8171387,1.241906404,,23.11618423,1904.553101,46.25312805,99.85965729
08_0011_S,842375.3478,245875.954,165,47.52852336,21.60269779,178.3,9.549959183,27434.0332,3.101564169,6.640733242,57.50361252,19.0478878,8658.185547,6348.227539,286.805603,2.031728745,,3.127966166,2472.965332,68.60459137,79.61624908
08_0012_S,842051.9969,245396.3611,166,47.5243068,21.59819819,166.7,11.89937782,29368.63086,3.518462896,7.746267796,34.1978035,37.61302567,10021.34863,6687.050293,439.3866272,2.304186821,,25.63217545,1855.44104,49.42648315,87.51794434
08_0013_S,842154.5208,244335.1626,167,47.51473662,21.59909918,164.7,10.51009274,30245.90039,0.457812995,7.993624687,72.41933441,35.85965347,10045.63184,11632.5459,473.1014404,0.861077368,27.33319283,12.2135191,2249.142822,71.6399765,172.0285492
06_0060_S,842106.2103,249106.6174,168,47.5576456,21.60052591,154.24,7.37,35090.77,1.01,5.61,73.97,12.24,7281.64,11059.16,443.71,1.39,16.9,,2361.86,78.95,24.68
06_0061_S,842010.5161,249402.2529,169,47.5603314,21.59938321,161,8.26,41488.14,3.31,5.92,28.915,20.08,7769.78,8706.95,430.74,2.12,,,1789.42,45.77,59.15
06_0063_S,841961.1367,249835.5635,170,47.56424127,21.59891522,152.86,11.08,33491.165,1.48,7.72,41.66,26.16,9680.14,10251.195,505.09,1.57,11.73,18.08,1766.88,51.63,90.45
06_0064_S,841838.7923,248925.696,171,47.55609761,21.5968961,160.68,9.03,40857.93,2.44,6.8,46.63,16.83,8679.16,9258.53,620.06,1.68,6.27,,1986.68,55.64,57.72
06_0065_S,841850.8364,248810.0648,172,47.55505457,21.59700597,173.875,13.67,42116.25,2.47,13.98,86.09,23.845,10697.69,12225.49,579,1.89,14.02,49.88,2317.58,81.71,116.94
07_0010_S,840870.4398,247538.7633,173,47.5439124,21.5834387,156.0999908,7.607871056,25685.77734,2.766010523,7.121985435,61.85403442,299.3406067,8936.337891,9215.181641,299.3406067,1.870396852,8.025884628,,2342.536377,72.74375153,36.11925888
07_0011_S,840980.7304,247589.0167,174,47.544332,21.5849247,156.5,8.888049126,30076.31055,2.519430876,7.409727097,55.63916016,363.7445068,8987.248047,10244.68066,363.7445068,1.707228184,9.098507881,,1959.301147,62.53382111,65.69419861
07_0012_S,841232.8211,247423.4096,175,47.5427696,21.5882003,153.6999969,10.21187019,31548.19531,0.948432207,6.820782185,52.842453,486.5009155,8444.053711,11580.41992,486.5009155,0.870567381,13.19400311,9.697519302,2057.525391,71.91591644,113.555954
08_0014_S,842049.7976,247355.7902,176,47.5419225,21.5990178,155.1999969,9.113534927,29202.18164,1.934754729,9.832817078,92.92845154,25.54569244,11669.00977,13548.19336,555.6594849,1.302214384,20.89742088,,2626.742188,90.40415192,65.76945496
06_0066_S,842649.3733,248851.9755,177,47.55519673,21.6076286,153.62,,,,,,,,,,,,,,,
06_0067_S,842678.0589,248953.4819,178,47.55610081,21.6080537,159.04,,,,,,,,,,,,,,,
06_0068_S,842752.5622,248795.2731,179,47.5546566,21.60897426,160.54,,,,,,,,,,,,,,,
06_0069_S,842763.9212,248634.4033,180,47.55320707,21.6090551,165.4,,,,,,,,,,,,,,,
06_0070_S,842953.6919,248637.8148,181,47.55318181,21.61157661,162.12,,,,,,,,,,,,,,,
06_0072_S,842501.5634,248032.1044,182,47.54786974,21.60530947,138.7,,,,,,,,,,,,,,,
06_0073_S,843170.7952,248411.5462,183,47.55108365,21.61436093,167.82,,,,,,,,,,,,,,,
06_0074_S,842950.3569,248378.2552,184,47.5508494,21.61141928,162.8,,,,,,,,,,,,,,,
06_0075_S,842039.2464,247722.1975,185,47.54521955,21.59903649,154.12,,,,,,,,,,,,,,,
06_0076_S,843002.6029,248099.5756,186,47.54832872,21.61199164,170.26,,,,,,,,,,,,,,,
06_0077_S,842180.8305,247406.2847,187,47.54233798,21.60077936,156.98,,,,,,,,,,,,,,,
06_0078_S,842860.4442,248088.6834,188,47.54827271,21.61009931,162.46,,,,,,,,,,,,,,,
08_0015_S,841844.1642,247264.7588,189,47.54116444,21.59624829,155.84,10.01547909,30245.90039,2.582982063,9.454209328,48.49204636,26.26767159,12027.32227,12036.52539,550.0403442,1.702330232,4.320441246,7.810516357,2470.549805,68.74256134,107.7613602
06_0079_S,842844.6899,248369.3025,190,47.55080007,21.61001226,159.94,,,,,,,,,,,,,,,
08_0016_S,841593.0335,247324.9937,191,47.54177951,21.59294022,147.24,9.426305771,27035.17969,3.269340515,6.847704887,32.95483017,22.34836578,8218.46875,6458.996094,340.4035034,2.10458827,,2.009745359,1631.618652,37.97481155,58.99656677
08_0017_S,841525.4446,246603.0247,192,47.53530886,21.59173091,149.98,24.37384224,23149.23438,5.409761906,6.006354809,,5.846019745,8018.410156,,98.78083801,3.616271019,,144.6529083,575.3063354,,47.63316727
07_0013_S,841297.1855,246686.0493,193,47.53612199,21.58873661,150.92,7.869725704,43794.36719,3.376106977,6.083758831,21.45729446,853.0411377,8109.333496,8035.822266,853.0411377,2.206224203,,,1378.812256,32.04201508,35.14094925
08_0018_S,841752.3849,245713.889,194,47.52724917,21.59435899,153.34,20.72242355,29811.45313,2.077110767,8.947716713,60.92179871,72.06167603,10654.77734,9208.666992,490.3910828,1.296704292,6.270667553,111.7352524,2026.930786,66.9489212,363.7012939
08_0019_S,842372.3714,244861.4412,195,47.51940386,21.60221822,151.74,8.960786819,25110.00391,2.013559341,8.917428017,91.0639801,35.44710159,10442.30078,11319.78906,504.2227783,1.293030381,12.70644093,,2866.666748,94.26737213,68.55386353
08_0020_S,842778.9926,245868.0551,196,47.52833362,21.60805199,150.7,,,,,,,,,,,,,,,
10_0002_S,842975.1565,235237.5036,197,47.43270723,21.60603767,142.9,9.579054832,24359.4043,1.034862399,9.787384987,96.65737915,26.26767159,12169.15723,15144.56641,790.366272,0.873017013,32.40381241,3.477409124,2912.558594,102.1317673,57.03995895
10_0004_S,842988.7244,235567.7326,198,,,,8.51708889,24592.85547,0.826412499,7.436650753,72.73007202,42.66687393,9507.817383,8921.970703,301.0695801,0.628723383,12.41390991,,2454.44751,69.29444122,78.48743439
10_0004_S,842839.9454,235716.2822,199,,,,8.51708889,24592.85547,0.826412499,7.436650753,72.73007202,42.66687393,9507.817383,8921.970703,301.0695801,0.628723383,12.41390991,,2454.44751,69.29444122,78.48743439
10_0004_S,843507.8741,235470.2656,200,47.43464283,21.61319693,148.575,8.51708889,24592.85547,0.826412499,7.436650753,72.73007202,42.66687393,9507.817383,8921.970703,301.0695801,0.628723383,12.41390991,,2454.44751,69.29444122,78.48743439
03_0017_S,840017.5511,253602.8217,201,47.59867573,21.57471759,136.0538046,8.4152565,24960.30273,1.225517511,8.718869209,86.40281677,25.44255447,10639.3252,14173.70996,559.5496216,1.221090078,25.18793488,,2506.780029,89.30037689,79.8420105
03_0018_S,839356.1146,253404.411,202,47.59708395,21.56584149,141.1724557,9.870004654,25654.37109,2.285560608,7.640257359,130.8392334,24.61743927,9660.551758,8491.927734,342.5646667,1.705391288,4.807991982,6.133185387,2254.778564,68.32865143,93.91456604
03_0019_S,839887.4717,253345.6116,203,47.59640126,21.57287827,138.8159821,9.55723381,25237.7207,1.878828883,8.237616539,60.6110611,27.50534058,10236.44629,10759.42969,467.4822998,1.462321877,17.58202934,3.477409124,2415.802002,75.64115906,73.14437866
03_0020_S,840205.4537,253416.8783,204,47.59694951,21.57713501,133.4704894,9.353569031,26809.05859,2.351653337,6.635684967,49.11352539,17.60393715,8555.671875,9013.193359,368.499115,1.874376774,1.590110898,1.660298467,1950.444824,65.0173111,96.84949493
03_0021_S,839533.433,253155.2179,205,47.59479237,21.56809137,142.8556301,9.200819969,27123.11719,0.940805554,6.50275135,87.9565506,22.24522781,8251.167969,10922.32324,309.282135,0.844546854,20.01981735,0.052855194,2894.845947,94.54331207,81.04608917
03_0022_S,839834.6178,253131.8633,206,47.59449505,21.57208408,140.5124099,13.44868374,26217.58203,1.220433474,12.47634125,109.0871506,59.99433136,14678.72949,14688.45801,772.2120972,1.098024487,32.5013237,40.44861984,3095.320068,116.7567902,187.4556885
03_0023_S,839933.883,252958.8553,207,47.59291091,21.57332902,139.2424826,9.491769791,25094.30078,0.821328402,11.12849808,121.5168991,28.02104187,12675.23828,15789.62891,576.8392334,0.753931344,30.06352425,2.638743639,3060.699951,115.6530151,71.18776703
03_0024_S,839275.1893,252750.6807,208,47.59123044,21.56448621,145.3298832,10.393713,26438.4707,1.050114512,10.14580059,118.7202148,31.0120945,11910.04688,14760.13281,604.0704346,0.965774953,39.22961426,11.09529877,3082.437988,121.7237778,89.4745636
03_0025_S,839319.8752,252471.3295,209,47.58870618,21.56496049,144.4036094,9.142630577,24830.49219,1.083161473,9.566950798,125.2458496,26.88651276,11169.1377,14447.37598,473.9659119,0.605150223,30.55108643,,3687.885254,135.6589508,64.64064026
03_0026_S,838903.2507,251851.8221,210,47.58325736,21.55915968,141.6564644,7.876999378,24005.56641,1.164507627,7.929682255,107.2226791,19.97615433,9570.180664,12544.75977,507.2484436,0.920161128,25.67549706,,3245.071533,113.4454651,39.27993393
03_0027_S,838688.8157,252538.721,211,47.58949441,21.55660339,148.4487336,9.098987579,25531.88867,1.017067552,10.19796371,130.5284882,32.04348755,12202.40918,13854.43652,618.3343506,1.006184697,37.08436966,,3198.374756,126.1388779,64.26437378
03_0028_S,840016.7173,252060.9643,212,47.58481496,21.57404419,137.4504062,10.07366848,24543.65234,1.278900623,13.46745205,128.6640167,33.90000916,15109.20215,16011.16895,760.5415649,0.834137559,44.10521698,8.579298019,3418.171631,133.7273407,70.66098785
03_0029_S,840368.0831,253127.8952,213,47.59430428,21.57917205,130.7278188,10.62647247,26386.12695,0.978936553,10.87945747,115.3020248,45.45164871,12415.4375,15919.94629,735.0393677,0.774135649,36.98685837,14.0306263,3261.174072,125.311058,112.0508575
11_0030_S,844481.0135,245775.3554,214,47.52699688,21.6306022,159.18,14.56156731,26641.56055,0.511196196,10.40998363,95.10366821,55.45618439,12351.41895,14225.83594,656.803772,0.524637938,30.7461071,51.49106216,2905.3125,109.8582001,240.6604767
11_0031_S,844883.6557,246239.8494,215,47.53105284,21.63615046,162.86,12.22669601,29780.04883,0.864543498,7.810210228,71.17636108,33.38430405,9958.84668,12518.69727,499.0358887,0.835056841,23.23770905,28.98684692,3104.17627,106.2709198,134.6271515
11_0032_S,844603.6985,246115.459,216,47.53001788,21.63237981,170.58,11.0847187,29371.77344,0.442560822,8.7844944,105.6689606,38.95384216,10785.71289,13743.66797,523.241394,0.626885891,31.52619934,18.36374092,3176.636719,114.2733002,125.2203674
11_0033_S,845084.2911,245574.2703,217,47.52500969,21.63852079,173.8,16.03813553,32792.91406,2.313522339,9.664546967,57.8143692,54.21851349,12074.0957,11456.62012,621.3601074,1.41334033,12.41390991,65.81827545,2383.597168,75.50317383,180.3817749
08_0021_S,844118.9595,245002.3775,218,47.5201554,21.62545845,156.8,12.50309849,31045.70313,2.521972179,7.702517509,39.79120255,46.79245758,9940.634766,8433.285156,505.0872192,1.771822095,0.127435654,31.43295097,2166.216064,53.01376343,131.9932556
11_0034_S,844835.0297,245658.7541,219,47.5258434,21.63524969,165.66,12.3576231,24588.66797,1.469555736,8.553964615,77.70199585,38.64442825,10490.86719,11495.71484,468.3467712,1.082411051,20.70240021,30.03517914,2638.013916,91.36995697,160.213623
11_0035_S,844707.718,245383.0751,220,47.52340298,21.63343893,162.5,10.74285316,24876.55469,1.126376629,12.0977335,103.8044891,40.08838654,14454.38672,15385.64941,891.5105591,0.774135649,36.7918396,14.6596241,3243.461426,119.6542053,82.70167542
11_0036_S,844268.7491,245378.9179,221,47.523496,21.62761122,165.84,9.964562416,48777.42188,2.07202673,7.93473053,82.36315155,22.76091766,9681.798828,12218.96875,799.4432983,1.415483832,19.53225517,7.321293831,2329.654541,93.02561188,57.34096909
02_0009_S,845142.403,256206.3452,222,47.62057066,21.64397898,143.113512,9.339021683,23957.41016,0.714561999,8.296510696,122.4491425,30.70266724,10316.19434,12447.02246,589.8064575,0.054111458,32.79385376,,4176.59082,153.3193512,51.09486389
02_0010_S,844117.6425,254101.2246,223,47.60195175,21.62942916,135.0563957,7.615145206,23599.38477,1.139087319,4.483510017,59.67882538,13.99405193,5933.929688,7462.431152,232.7754822,1.306806445,,0.122742988,1510.851318,38.66467667,36.42027283
02_0011_S,845111.7472,253927.3336,224,47.60009263,21.64256545,137.3206139,9.753623962,24247.39063,2.038979769,12.18523407,99.45407104,24.10173607,14752.95801,13437.4248,606.6638184,1.111800432,20.11732674,27.02995682,3377.915771,119.5162354,69.83319092
02_0012_S,845113.5962,252984.4644,225,47.59161611,21.64217408,132.1803608,12.02303123,24901.67969,2.618570566,10.00277042,63.71850586,39.26327133,12327.54883,8785.138672,523.673584,1.837334752,13.19400311,14.93918324,2309.526367,75.36520386,65.76945496
02_0013_S,844427.0705,252739.2168,226,47.58961591,21.63294317,135.8330152,10.80831718,24598.08984,2.148288727,8.274636269,72.73007202,26.57708549,10332.33691,9312.918945,479.5850525,1.32119453,11.63381767,,2541.400146,79.29740906,294.6177979
02_0014_S,842452.1163,258172.3925,227,47.63904235,21.60906486,148.7049831,7.76061964,24600.18359,,4.592885494,136.1218872,31.21837044,5724.488281,13411.3623,379.3051758,0.030845452,41.08233261,,2694.37207,111.375885,50.86910248
06_0080_S,842573.7796,249120.5164,228,47.55763311,21.60674148,165.36,,,,,,,,,,,,,,,
02_0015_S,842082.112,258025.2265,229,47.63782827,21.60407945,148.9347721,7.105983257,24079.89258,,2.888309002,27.98292732,28.63988304,4372.363281,9827.666992,184.7967987,0.794341028,18.45963097,28.28795242,1695.223022,60.05033493,44.54774094
02_0016_S,842536.9713,257551.7805,230,47.63343832,21.60992293,144.3195327,12.18305397,25291.11133,2.298270226,7.788334846,53.77468872,47.30815887,,6348.227539,398.756012,1.638041735,0.029925462,,2164.605713,63.49962616,119.2752838
06_0081_S,842862.7084,249323.8857,231,47.55937626,21.61066713,170.28,,,,,,,,,,,,,,,
02_0017_S,842764.3437,256815.4592,232,47.62675207,21.61262552,139.7656154,11.00470734,23667.42969,2.399953604,7.534247398,33.26558685,23.27662086,9556.106445,5507.689453,463.1599121,1.314766169,,17.17562485,2606.614502,65.84514618,68.77963257
02_0018_S,843024.8875,256925.2592,233,47.62766222,21.61613815,140.9861104,7.164173126,24016.03516,,4.591202736,67.75817108,8.940209389,6238.019531,9677.804688,320.5204163,0.77199322,20.11732674,,3361.008301,101.3039322,29.94840431
06_0082_S,842724.8998,249546.5731,234,47.56141877,21.60893382,168.06,,,,,,,,,,,,,,,
02_0019_S,842499.8477,256693.4019,235,47.6257328,21.60905512,140.5073055,10.09549046,23640.21094,1.418715239,8.126558304,38.5482254,21.83266449,10222.78711,7488.494141,755.3546753,1.305888176,5.685606003,7.950300217,2629.962891,81.71191406,67.1240387
06_0084_S,842497.473,249969.1213,236,47.56528434,21.60609695,166.78,10.26278591,30581.94336,1.500061274,10.89965057,112.8160782,29.56813812,12803,15652.79785,697.8666382,1.007806724,28.60084915,10.25662899,2967.306396,112.0657501,90.30236816
06_0085_S,842423.2321,250092.6119,237,47.56641633,21.60516452,166.84,,,,,,,,,,,,,,,
02_0020_S,840990.0413,254167.8786,238,47.6034721,21.58788687,132.3046456,9.353569031,28445.30078,1.891539574,9.496277809,79.5664444,24.61743927,11746.27344,12466.56836,546.5823364,1.454362154,16.89944649,1.520522833,2425.463379,74.12345886,73.67115784
02_0021_S,841219.5706,254907.6755,239,47.61005557,21.59125776,137.0155941,8.422530174,24450.48242,1.639874697,6.958763123,40.10194016,23.17348289,9037.470703,9019.707031,519.3511963,1.585081458,6.465698719,,2264.439941,62.39585114,91.1301651
06_0086_S,842256.6438,250129.5917,240,47.56679775,21.60296784,171.8,,,,,,,,,,,,,,,
02_0022_S,840383.0453,254664.8683,241,47.60811696,21.58003262,134.0709693,7.935189247,23587.86914,1.970343113,7.529199123,44.14162445,16.77882195,9461.181641,9944.953125,445.0057678,1.783761144,12.99898243,,2085.704346,60.1883049,42.36536789
06_0088_S,842191.9035,250159.9418,242,47.56708961,21.60212109,169.08,,,,,,,,,,,,,,,
02_0023_S,841275.7758,253658.4278,243,47.59880874,21.5914645,130.8000437,9.018976212,26980.74414,1.261107087,9.030169487,80.49868011,36.58163452,11160.85938,13698.05566,527.9960327,1.062818885,22.94516754,,2592.92749,93.02561188,85.93761444
06_0089_S,842190.8429,250372.1117,244,47.56899729,21.6021991,171.52,,,,,,,,,,,,,,,
02_0024_S,842297.9705,254165.3421,245,47.6030659,21.60527072,132.6384691,8.597100258,27259.20898,1.144171357,7.026072025,73.97306824,22.86405563,8969.3125,10824.58594,486.933136,1.16935277,16.99695587,,2559.917725,75.36520386,68.77963257
06_0090_S,842200.6082,250534.3551,246,47.57045295,21.60239925,168.76,,,,,,,,,,,,,,,
02_0025_S,842759.9728,254799.1692,247,47.60862772,21.61168792,140.3904411,11.3538475,32477.80664,2.460962296,7.334005833,35.75153732,22.45150375,9404.0625,7540.619629,633.4628296,1.797843218,,20.18084908,1857.05127,49.28851318,132.7458038
06_0091_S,842003.1101,250602.3409,248,47.57112212,21.59980523,165.82,,,,,,,,,,,,,,,
02_0026_S,841915.1247,254532.0362,249,47.60647486,21.60034114,132.8651439,11.92119884,26171.51953,1.812734962,9.326324463,129.2855072,42.56373596,11826.43457,9632.192383,538.369812,1.347216129,10.07363224,26.6106205,2397.28418,74.12345886,132.5952759
06_0092_S,841937.9028,250322.277,250,47.56862354,21.5988176,165.1,,,,,,,,,,,,,,,
02_0027_S,842373.7366,253555.375,251,47.5975602,21.60601244,134.1705963,7.578775883,25844.90039,1.703426003,4.310191631,4.987858772,7.805672646,5944.967773,4191.496094,253.955307,1.56395781,,,1689.587036,33.55971527,40.18299103
06_0093_S,841764.5603,250237.348,252,47.56791088,21.59647826,164.7,,,,,,,,,,,,,,,
02_0028_S,841059.6168,252813.3663,253,47.59127504,21.58822651,125.4863075,7.920641899,29129.94922,1.568696618,9.018389702,105.9797058,24.41114998,11144.71582,14330.08984,645.5654907,1.042002439,24.31033325,,3304.649902,112.3416901,65.84471893
02_0029_S,841879.0173,251952.7163,254,47.5832981,21.59874222,124.6259113,9.157177925,25294.25195,0.574748635,8.868629456,123.3813782,35.03453827,10587.30859,13926.11035,605.3671265,0.700051665,33.96399689,,3129.939941,113.1695251,61.93149185
06_0094_S,842042.326,249849.1823,255,47.56433987,21.59999949,164.18,,,,,,,,,,,,,,,
02_0030_S,840634.8716,253422.8089,256,47.59687776,21.58284473,129.4555457,8.975334167,30921.12695,1.154339552,7.76477766,87.9565506,22.86405563,9369.155273,13196.33887,502.0615845,0.981693327,22.84765816,,2598.563477,90.12821198,88.3457489
08_0022_S,842709.0182,245256.9353,257,47.52286032,21.60685765,163.98,9.462675095,26210.25391,4.026876926,6.029912472,26.42921257,18.01649666,7524.470215,5748.773926,277.2963257,2.570522308,,3.547297001,1381.227661,38.11278152,42.89214706
08_0025_S,842945.1515,244751.1674,258,47.51824399,21.60977153,162.98,10.17550087,26156.86523,5.201312065,3.265234232,,12.75637722,4634.647949,1285.446289,77.60103607,3.484634161,,9.697519302,715.3966675,,68.40335846
08_0024_S,843073.7025,245896.5587,259,47.52850301,21.61197611,166.4,10.73557854,25775.80664,2.837188482,7.365977764,23.63250542,23.07034492,9096.522461,8355.09668,232.3432617,2.056525469,,14.38007355,1455.29834,44.04558182,106.1810226
08_0025_S,843644.889,245446.1128,260,47.52428488,21.61936081,164.6,10.17550087,26156.86523,5.201312065,3.265234232,,12.75637722,4634.647949,1285.446289,77.60103607,3.484634161,,9.697519302,715.3966675,,68.40335846
08_0026_S,843648.1002,245248.1746,261,47.5225045,21.619317,164.16,11.84118795,27088.04688,0.968769044,5.952507973,49.7350235,26.88650608,7948.733887,9156.540527,266.7064209,1.09634006,12.75519609,25.63218021,1997.946594,57.77379227,137.261055
08_0027_S,843726.0306,245748.3181,262,47.52697765,21.62056974,168.88,8.102485657,33090.21875,2.171167612,4.007305145,95.41440582,18.11963463,5890.468262,8915.456055,269.5159912,1.292724371,13.29151344,,3000.316406,103.0975723,37.8501091
06_0095_S,844027.3041,247559.0246,263,47.5431663,21.62536095,175,,,,,,,,,,,,,,,
06_0097_S,844224.1805,248114.893,264,47.54810503,21.62821846,182.7,,,,,,,,,,,,,,,
06_0099_S,843405.4683,249247.2107,265,47.55852676,21.61784195,174.8,,,,,,,,,,,,,,,
06_0100_S,843460.8698,249388.9579,266,47.55978465,21.61863963,173.1,,,,,,,,,,,,,,,
06_0101_S,843516.6665,249344.28,267,47.55936651,21.61936114,171.44,,,,,,,,,,,,,,,
06_0102_S,843917.9324,249698.5956,268,47.56243291,21.62484541,171.82,,,,,,,,,,,,,,,
06_0103_S,843877.0062,249793.4168,269,47.56329745,21.62434336,169.18,,,,,,,,,,,,,,,
06_0104_S,843742.015,249848.435,270,47.56383204,21.6225745,174.48,,,,,,,,,,,,,,,
06_0105_S,843875.2593,249421.69,271,47.55995625,21.62415742,167.02,,,,,,,,,,,,,,,
06_0106_S,843876.7534,249270.8021,272,47.55859937,21.62411121,178.48,,,,,,,,,,,,,,,
06_0107_S,843795.7078,249075.5309,273,47.55686794,21.62294944,184.88,,,,,,,,,,,,,,,
06_0108_S,841965.4197,247997.2266,274,47.54771368,21.59817542,116.6727563,,,,,,,,,,,,,,,
06_0109_S,842026.5226,247643.8036,275,47.54451853,21.59883359,116.107067,,,,,,,,,,,,,,,
06_0110_S,841760.9912,247544.5773,276,47.54370435,21.59526513,113.7342769,,,,,,,,,,,,,,,
06_0111_S,841624.6192,247576.5013,277,47.54403128,21.59346832,112.2997834,,,,,,,,,,,,,,,
07_0015_S,840627.2736,247550.478,278,47.54408858,21.58021519,117.8501416,9.208093643,24704.86914,3.236293554,8.461416245,34.1978035,344.7258911,10740.32031,7195.282715,344.7258911,2.099996328,,0.192634776,1879.594604,46.39109802,85.4108429
07_0016_S,840360.2172,247632.6275,279,47.54490483,21.57670471,119.8069744,24.63569641,28337.47461,1.769519925,14.08332157,129.5962524,685.7639771,15862.38965,13098.60254,685.7639771,1.121596575,20.60488892,146.0506897,2885.989746,102.9596024,42.81689453
07_0017_S,839727.8551,247763.2411,280,47.54626266,21.56836446,121.2695337,7.935189247,28499.73828,2.641449451,9.420556068,77.39123535,416.0456238,11431.14551,11104.7666,416.0456238,1.790496111,13.38902283,,2348.172119,84.47135925,646.2059937
07_0018_S,839668.8283,247075.4603,281,47.54009664,21.56728636,117.8413767,23.21004295,29785.2832,5.412304401,13.40687561,123.6921158,1034.582275,16850.54492,4465.160156,1034.582275,3.297587395,,134.9383545,1630.008545,36.31916046,134.3261414
07_0019_S,839914.4425,247075.6951,282,47.54002753,21.57054729,117.8198736,9.59360218,28978.15234,3.045638323,7.946509838,34.81930161,317.0624695,10131.03613,6230.943359,317.0624695,2.091118336,,3.896744013,1757.216919,44.73544693,85.71185303
07_0020_S,840142.5938,247445.7365,283,47.54328795,21.57373504,119.2535227,9.789993286,25018.92773,1.43905139,9.232092857,81.74166107,763.5673218,11002.19043,11033.0918,763.5673218,1.057002664,23.82277107,5.923521996,2700.812988,97.71666718,77.05760193
07_0021_S,840700.483,247159.4996,284,47.54055239,21.58101896,115.1144352,9.048071861,25498.38867,2.638907909,8.348674774,54.08542633,432.0385437,10543.70996,8902.424805,432.0385437,1.795088172,0.810018182,,2177.487549,65.98311615,81.57286072
07_0022_S,840662.0422,246951.8075,285,47.53869644,21.58041927,114.0441567,9.97183609,31249.83984,2.28047657,8.611176491,75.83752441,423.3937073,10405.18555,11586.93457,423.3937073,1.455587506,12.21887875,7.530965328,2427.073486,83.09164429,86.69016266
07_0023_S,840661.1306,246428.1727,286,47.53398926,21.58018195,116.0758176,11.17200375,27868.48047,2.427915335,10.82729435,56.88213348,520.6478882,13391.1748,11723.76855,520.6478882,1.56395781,9.781089783,18.71318054,2545.425781,78.40058899,92.48474121
07_0024_S,840216.0792,246362.8126,287,47.53353114,21.57424598,116.3841822,11.34657383,28607.56445,1.929670691,7.40299654,53.77468872,367.2024231,9084.932617,10453.18652,367.2024231,1.585999608,9.976110458,19.83140182,1971.37793,66.53501129,210.2577362
07_0027_S,841015.5455,246489.0828,288,47.53443352,21.58491292,111.4284374,13.20865059,27442.4082,3.787922621,6.667655945,42.27715302,211.1634827,8276.279297,5032.035645,211.1634827,2.61919713,,38.42184448,1356.269165,28.45475197,210.2577362
08_0028_S,842523.1856,246388.7326,289,47.53308972,21.60488272,119.2322412,7.971558094,26051.13086,2.542308331,4.582789421,35.13003922,22.24522781,6218.979492,5168.866699,234.0722351,2.199183226,,,1700.053589,44.8734169,63.51182556
08_0029_S,842293.289,246392.6554,290,47.53319255,21.6018327,124.6946234,11.70298672,25372.76563,1.650042772,8.284732819,88.57803345,41.22291565,10100.40625,5168.866699,363.7445068,0.934549212,17.8745594,23.25595856,2788.570801,90.54212189,119.2752838
08_0030_S,842175.4904,246196.3347,291,47.53146225,21.60018391,118.1651381,12.53219318,28216.03906,2.308438301,8.271270752,78.63423157,17.60393715,10609.79785,10876.71191,403.5106506,1.568243742,3.735368729,32.34150696,2828.826416,84.60932922,57.4914856
08_0031_S,842111.866,246284.9095,292,47.5322772,21.59937774,119.5794971,14.29243851,26598.64063,4.957273483,10.10709763,10.89199543,6.155434132,12728.08203,8517.990234,394.8658142,3.239421844,,48.90517044,1938.368042,51.22012329,27.38975334
08_0032_S,842033.6343,246413.5953,293,47.53345702,21.59839502,117.6635222,14.40881824,32243.31055,2.95920825,8.722234726,43.52012634,61.64456177,10972.80371,8224.779297,495.5779724,1.941113591,,49.81372833,2162.190186,59.08452988,164.1268463
08_0033_S,841913.5224,246376.211,294,47.53315617,21.59678442,115.6500324,12.93224907,27828.70117,1.693257809,11.79148293,84.53836823,58.9629364,14462.52734,12512.17969,539.234314,1.199354291,18.84968376,35.7660675,2693.567139,85.29919434,232.8340454
08_0034_S,841816.7929,246191.1147,295,47.53152052,21.59542032,116.7950585,9.877278328,28933.13867,2.005932808,7.461891174,90.44250488,32.04348755,8787.051758,9964.500977,390.1111755,1.233028531,17.09446716,6.692295551,2791.79126,98.95841217,113.8569641
08_0035_S,841689.5847,246145.8808,296,47.53115113,21.5937122,114.2536342,13.5577898,30743.16016,1.456846237,8.010452271,69.31190491,29.05243492,10162.08008,10648.66113,381.0341187,1.16996491,15.0467186,41.98617554,2497.923828,79.50436401,135.9064789
08_0036_S,841538.664,246145.242,297,47.53118956,21.59170862,114.3163472,10.91014957,38648.00391,1.825445652,7.465256691,73.97306824,32.76546478,8930.266602,10140.42676,415.1811829,1.408748388,15.0467186,15.91762829,2182.318115,69.57039642,104.6759415
08_0037_S,841538.0373,246268.8175,298,47.53230068,21.59175369,113.6780966,24.85390854,30100.38672,3.935362577,10.12224197,30.77961731,22.34836578,12342.03613,5318.730957,402.6461792,2.557664394,,148.5666809,1626.788086,41.7000618,131.2407074
07_0028_S,841048.325,246163.3274,299,47.53149543,21.58520769,113.3296853,7.520586014,25451.28125,0.968768418,5.896978855,59.67882538,336.9455872,7504.050293,9606.129883,336.9455872,1.019654632,14.46165752,,3012.393066,96.33695221,42.81689453
07_0029_S,840892.2802,246272.395,300,47.53252146,21.5831833,115.2409766,12.33580256,30936.8291,2.194045782,9.556854248,88.42266083,495.3618011,11571.80811,10417.34961,495.3618011,1.313388884,15.19298983,29.82550812,2772.065796,93.23257446,87.63084412
07_0030_S,840858.273,246208.1665,301,47.53195396,21.58270423,115.1587427,10.34279728,27805.66992,2.682122946,8.468147278,91.99621582,336.9455872,9572.663086,10133.90918,336.9455872,1.397421956,8.123394966,10.67596436,2769.248047,99.92421722,131.3159637
07_0031_S,840785.8935,246352.6976,302,47.53327439,21.58180565,115.966036,13.48505306,30007.2168,1.474639893,11.06623745,104.4259872,483.0429993,13279.41797,12440.50586,483.0429993,1.092208266,22.26258469,40.7281723,3239.435547,108.3404999,128.1552734
07_0032_S,840701.6482,246314.1689,303,47.53295257,21.58067077,116.3165909,10.51736641,26755.66797,2.954124212,7.162370682,19.28210068,306.6886902,9060.925781,7977.179688,306.6886902,1.976624727,,12.2135191,1699.248535,42.66586685,72.61760712
06_0114_S,843524.8723,249029.6901,304,47.556536,21.61933267,165.02,,,,,,,,,,,,,,,
07_0033_S,840332.6497,246064.6552,305,47.53081683,21.57566541,115.4332617,9.433579445,23931.24023,1.487350583,8.927523613,96.65737915,392.7046509,10232.58301,11847.56836,392.7046509,1.121596575,16.02184296,2.28930068,2385.207275,79.36639404,61.02843475
07_0034_S,839920.9225,246432.1044,306,47.53423978,21.57035758,114.4376081,8.786216736,26607.01367,1.739015579,9.296035767,69.31190491,475.2626343,11376.78418,12349.28516,475.2626343,1.324868321,16.8019352,,2321.603271,75.08926392,59.89962006
06_0116_S,843399.6895,248783.3344,307,47.55435833,21.61756267,174.7,,,,,,,,,,,,,,,
07_0035_S,839182.1527,246302.162,308,47.53328551,21.56049508,116.8388073,9.266283989,24343.70313,1.914418459,9.755413055,74.9052887,490.8233032,11770.9707,12075.62012,490.8233032,1.388237953,21.48249245,0.472189963,2386.012695,87.50674438,52.97622681
06_0117_S,843287.595,248677.6825,309,47.55344167,21.616028,172.84,,,,,,,,,,,,,,,
07_0036_S,840646.9069,245300.2483,310,47.52385339,21.57950818,115.4578924,8.524362564,24459.9043,1.995764613,9.05036068,78.94496918,486.933136,10996.39648,10674.72363,486.933136,1.553549647,11.43878555,,2520.467041,90.40415192,49.13825607
06_0118_S,843727.78,247895.4777,311,47.54627967,21.62153133,169.48,,,,,,,,,,,,,,,
07_0037_S,841245.9006,245026.2543,312,47.52121551,21.58733992,112.1326928,7.62241888,27437.17383,2.115241766,6.130874634,44.14162445,301.9340515,7861.259766,11254.62891,301.9340515,1.607735276,3.832878828,,2011.633667,58.39466476,49.36401367
07_0038_S,841311.766,244828.4428,313,47.51941795,21.58812873,111.5577885,8.095211983,22819.47461,3.915025234,6.842657566,16.17465401,339.1067505,8879.629883,4562.897461,339.1067505,2.625932217,,,1630.813599,30.24839211,36.64603806
07_0039_S,841095.0697,244638.0283,314,47.5177694,21.58517093,111.7735007,9.571781158,24108.1582,1.131460667,10.46214771,91.37471771,537.5053711,12043.05176,14447.37598,537.5053711,1.029144645,26.55310059,3.33763361,2844.928955,100.0621872,73.82167053
07_0040_S,841102.5262,244204.5449,315,47.51387021,21.58508315,112.9762415,10.26278591,26138.02148,3.099021673,10.2198391,60.92179871,520.6478882,12177.57422,10518.34375,520.6478882,1.956726551,10.56118298,10.18674183,2474.575439,69.29444122,87.06642914
07_0041_S,841129.2949,243480.1085,316,47.50734971,21.58512631,111.498622,8.611647606,23685.22656,2.336401224,9.077284813,75.21604156,494.2812195,10448.92383,9755.996094,494.2812195,1.713044405,13.87658501,,2382.792236,85.16122437,45.22502899
06_0121_S,844010.0872,248293.6303,317,47.54977533,21.625454,163.84,,,,,,,,,,,,,,,
01_0014_S,841376.424,243073.5069,318,47.5036222,21.58822987,110.5199343,22.72270393,31835.03516,3.17528367,9.577046394,48.18128967,50.40234756,11816.22559,6504.607422,550.9047852,2.147753239,2.955276012,130.3955841,1854.635986,49.28851318,352.9399414
08_0038_S,842640.2451,244133.4832,319,47.51278083,21.60545703,115.2470896,10.63738394,31860.68359,2.618571043,10.92825651,75.52677917,38.12872887,13133.58203,11147.11719,567.978302,1.569315493,11.53630161,13.96074247,2726.576782,84.47135925,110.9220428
08_0039_S,842874.8344,244067.4196,320,47.51211788,21.60854112,112.1228125,17.42741966,27058.21094,2.364364147,9.1731987,53.15320969,44.31710815,11170.37793,6999.808594,406.5363464,1.806721091,0.127435654,78.46816254,1973.793213,53.01376343,170.4482117
11_0037_S,844088.3442,246612.7412,321,47.53464133,21.625757,191.64,12.15395832,29695.25195,2.448252678,9.590508461,87.02431488,60.09746933,11391.96191,10518.34375,628.2759399,1.418239474,14.75418854,27.9385128,2555.087158,82.81570435,182.6394043
11_0039_S,844435.4289,246425.6398,322,47.53285633,21.63028233,170.62,9.826361656,33045.20703,2.623655796,8.045788765,86.71356201,51.22746277,9959.950195,11287.20898,450.624939,1.5636518,11.73132801,5.504187107,2434.31958,81.16003418,202.280777
11_0042_S,845021.4574,246896.9907,323,47.53691933,21.63826867,164.18,12.61220455,27709.35938,2.097446918,9.659499168,101.6292801,138.4835968,11263.64746,9928.661133,445.7621765,1.419157624,16.70442581,32.69095612,2614.665527,88.1966095,315.7642822
11_0043_S,844808.7621,247102.2617,324,47.538828,21.63553533,167.1,15.26711941,32740.56836,2.954124212,9.518152237,70.55487823,80.0034256,11565.11621,8961.064453,461.8631592,1.581407547,3.832878828,56.94238663,2507.584961,74.81332397,273.4713745
11_0044_S,844579.7468,247292.7989,325,47.540609,21.63257867,167.98,18.25662613,31216.33984,1.840697885,9.213582993,73.04083252,54.32165146,11574.36035,10531.375,504.6549988,1.213436365,12.60893059,87.97305298,2623.521729,81.16003418,209.2794342
11_0045_S,844357.1482,247326.0067,326,47.54097367,21.629638,163.98,17.10010147,24987.52148,1.474639893,12.97442055,96.65737915,43.80140305,15352.03223,14395.24707,747.1421509,1.052410603,32.79385376,76.0919342,3087.268555,115.9289703,118.2969742
06_0123_S,844196.0789,247424.2509,327,47.54190467,21.62754267,165.04,,,,,,,,,,,,,,,
03_0030_S,841409.7463,250911.1911,328,47.57407252,21.59205658,162.22,10.14640617,28039.11914,1.693257809,6.893138409,67.75817108,32.04348755,8525.594727,9612.647461,327.4362793,1.56395781,11.04874516,8.92874527,2495.508301,85.02325439,391.0186157
03_0031_S,841428.9309,250872.1844,329,47.57371624,21.59229457,166.22,9.520864487,26377.75195,1.545817852,7.130399227,82.67389679,74.33074951,8781.394531,9677.804688,384.4920349,1.391605735,12.70644093,2.778523207,2476.990723,90.81806183,190.7668762
06_0126_S,841554.363,250659.87,330,47.57177086,21.59386901,166.02,,,,,,,,,,,,,,,
06_0127_S,842600.5088,248922.7652,331,47.5558475,21.60701047,171.88,,,,,,,,,,,,,,,
06_0128_S,842568.7995,248957.1217,332,47.55616569,21.60660431,157.74,,,,,,,,,,,,,,,
06_0129_S,842539.2407,248965.2652,333,47.5562476,21.6062153,157.24,,,,,,,,,,,,,,,
06_0130_S,842567.4654,248918.6845,334,47.55582054,21.60656988,158.06,,,,,,,,,,,,,,,
06_0131_S,842747.3582,248614.8257,335,47.55303595,21.60882664,162.06,,,,,,,,,,,,,,,
06_0132_S,842796.7289,248501.9474,336,47.55200665,21.60943312,165.8,,,,,,,,,,,,,,,
06_0133_S,842825.9714,248515.0318,337,47.55211566,21.60982713,164.46,,,,,,,,,,,,,,,
06_0134_S,842804.9393,248545.9891,338,47.55240016,21.60956132,150.76,,,,,,,,,,,,,,,
06_0135_S,842862.2715,248018.3832,339,47.54764019,21.61009297,151.86,,,,,,,,,,,,,,,
06_0136_S,842843.0003,247987.0071,340,47.5473638,21.60982343,165.1,,,,,,,,,,,,,,,
06_0137_S,842821.5791,248029.0078,341,47.54774769,21.60955728,162,,,,,,,,,,,,,,,
06_0138_S,842823.4042,247991.9211,342,47.54741375,21.60956538,160.66,,,,,,,,,,,,,,,
06_0140_S,844059.566,249579.2859,343,47.56131835,21.62667424,175.12,,,,,,,,,,,,,,,
06_0141_S,844175.6137,249653.3859,344,47.56195006,21.62824799,175.6,,,,,,,,,,,,,,,
06_0142_S,844220.3985,249727.0557,345,47.56259904,21.6288751,177.96,,,,,,,,,,,,,,,
06_0143_S,844264.745,249729.148,346,47.56260468,21.62946501,172.14,,,,,,,,,,,,,,,
06_0144_S,844347.7509,249593.5806,347,47.56136132,21.63050796,170.2,,,,,,,,,,,,,,,
06_0147_S,844397.8015,249509.7582,348,47.56059291,21.6311359,173.32,,,,,,,,,,,,,,,
06_0148_S,844432.1801,249496.9842,349,47.56046786,21.63158688,172.54,,,,,,,,,,,,,,,
06_0149_S,844334.2999,249577.1342,350,47.56121747,21.6303221,168.44,,,,,,,,,,,,,,,
06_0150_S,843689.0465,249067.1912,351,47.55682455,21.62152931,177.46,,,,,,,,,,,,,,,
06_0151_S,843627.8812,249121.8077,352,47.55733364,21.6207409,173.9,,,,,,,,,,,,,,,
06_0152_S,843485.3955,249149.3107,353,47.55762303,21.61886066,165.38,,,,,,,,,,,,,,,
06_0156_S,842865.0681,247382.5293,354,47.54192316,21.60985337,120.2260644,,,,,,,,,,,,,,,
06_0156_S,842885.0707,247332.0115,355,47.54146311,21.61009694,117.6018944,,,,,,,,,,,,,,,
06_0157_S,842853.9031,247339.3331,356,47.54153812,21.60968634,122.6620213,,,,,,,,,,,,,,,
06_0158_S,842838.8558,247382.7567,357,47.54193292,21.60950546,118.4102075,,,,,,,,,,,,,,,
08_0041_S,843037.3951,246537.1434,358,47.53427248,21.6117731,120.5662233,10.38643932,25024.16211,3.879436731,5.854911804,32.95483017,19.87300491,7890.233887,4719.277344,286.3733826,2.460620642,,12.07374382,1945.614014,45.97718811,39.50570297
08_0042_S,843088.7534,246544.6536,359,47.53432485,21.61245813,119.6677642,9.93546772,26969.22852,2.804141521,7.259967327,32.64408875,23.68917274,9418.273438,8452.833984,364.6089783,1.983971834,1.590110898,6.901967049,1967.352173,52.04795837,52.14842606
08_0043_S,843075.6203,246509.2245,360,47.53401022,21.61226836,118.4370995,10.1100378,26665.63867,1.94746542,8.905649185,66.51519775,27.40220261,10915.95898,10212.10156,437.2254639,0.988122761,12.12136841,8.509410858,2763.612061,85.71310425,68.10234833
08_0044_S,843032.5927,246099.2315,361,47.53033714,21.61151868,114.4595604,14.47428131,31107.4668,1.733931541,11.01575661,82.67389679,55.5593338,13277.62402,12870.54785,649.8879395,1.292724371,20.89742088,52.60927963,2869.082275,98.68247223,145.6142883
08_0045_S,843068.1018,246047.2528,362,47.52985938,21.61196738,114.036367,14.25606918,29455.52148,2.699917793,8.19386673,57.50361252,33.59057999,10062.87793,8211.748047,513.2998047,1.839171171,3.637858629,48.48583603,2248.337891,61.01612091,95.49491882
08_0046_S,842992.975,246071.3805,363,47.53009844,21.61098069,116.6449965,,,,,,,,,,,,,,,
08_0047_S,843021.2282,246040.1453,364,47.52980931,21.61134211,115.7733482,11.65934372,26422.76758,3.968409538,6.268856049,12.4457283,23.68917274,8299.044922,4484.70752,327.4362793,2.537460089,,23.53551102,1489.113281,30.93824005,91.80744934
11_0046_S,844266.9035,245191.1439,365,47.5218085,21.62750448,116.4825585,12.94679642,24928.89648,2.748216867,9.0638237,58.43584824,51.43373871,10890.43359,9840.698242,477.4238586,1.740290284,3.832878828,35.41661835,2176.682617,64.87934113,102.1172867
08_0048_S,844197.1816,245182.5822,366,47.52175221,21.62657543,120.1837249,9.026249886,26773.46484,2.402495146,6.374866009,44.76310349,77.83748627,8005.302246,6582.797363,295.4504395,1.930704832,2.370203733,,1666.23877,52.32389832,136.5085144
08_0049_S,844203.2851,245169.3762,367,47.52163168,21.62665065,124.592193,12.05212688,27624.5625,0.694225788,10.59171581,148.862381,254.309433,12484.14746,12877.06543,617.0376587,1.083024263,26.65061188,27.72884178,2612.250244,100.8900223,353.9934692
11_0047_S,844247.6825,245163.0315,368,47.52156148,21.62723708,115.1728661,19.2967701,25836.52539,2.915993214,11.7830677,119.0309525,148.7975769,13354.06055,10583.50098,536.2086182,2.052851677,21.97005463,96.35971069,2245.922363,77.15884399,185.5743256
08_0050_S,843508.7396,245640.1487,369,47.52606949,21.6176385,114.4818938,11.80481911,26242.70703,1.878828883,9.046996117,69.00114441,41.73862076,11236.3291,9957.984375,482.1784668,1.434157848,18.16710091,24.65373993,2267.660645,72.32982635,93.23728943
08_0051_S,843450.6921,245607.7216,370,47.52579513,21.61685392,118.5125971,12.11758995,28895.45117,1.454303622,6.672704697,62.16477585,35.85965347,8029.033691,11209.01758,403.9428711,1.290581942,15.82681179,28.777174,2097.781006,66.53501129,94.89287567
08_0052_S,843441.2104,245627.01,371,47.52597133,21.61673648,112.3078881,9.680887222,26002.97656,1.35516274,8.500118256,95.10366821,43.07942581,10401.59961,11886.66309,435.0642395,1.040164948,23.23770905,4.316078663,3022.054199,107.5126648,124.994606
08_0053_S,843465.3748,245648.6913,372,47.5261591,21.61706666,117.578518,8.393435478,25637.62109,3.546425819,4.577741146,6.541591167,131.1607056,5112.444824,3637.6521,112.6125565,2.52735734,,,1270.12146,26.10923386,87.96948242
08_0054_S,843714.5404,246589.8054,373,47.53454587,21.62078488,124.5275377,12.05940056,26865.58984,1.952549458,6.809003353,41.65567398,39.77896118,8839.894531,7840.348145,318.3592224,1.547121286,7.050760269,26.68050957,1845.779663,53.42766953,141.4000397
08_0055_S,843710.5758,246564.6448,374,47.53432085,21.62072126,114.1356469,10.55373573,28264.19336,2.824478865,7.603238583,44.45236206,29.05243492,8461.162109,6967.22998,360.718811,1.859682083,,12.07374382,2076.8479,53.28969955,83.37896729
08_0056_S,843762.0878,246614.8849,375,47.53475726,21.62142701,119.1002465,8.854862213,23529.24414,2.758805037,10.27536869,61.85403442,24.61743927,12609.01172,10759.42969,590.2387085,1.735086203,9.86182785,,2644.681885,78.67654419,78.41218567
06_0159_S,843750.5454,247381.3332,376,47.54165088,21.62160882,124.9025421,,,,,,,,,,,,,,,
06_0160_S,843761.3827,247334.2826,377,47.5412247,21.62173212,119.5674923,,,,,,,,,,,,,,,
06_0161_S,843790.6056,247354.999,378,47.54140229,21.62212915,117.5810448,,,,,,,,,,,,,,,
06_0162_S,843792.1873,247374.8616,379,47.54158038,21.62215884,117.2021752,,,,,,,,,,,,,,,
08_0057_S,843815.0498,246981.6743,380,47.53803894,21.62229043,114.4629174,11.73208237,30406.07031,2.252513647,7.037850857,32.33335114,41.9448967,8875.766602,8602.696289,397.459259,1.585999608,1.687621117,24.30429268,2067.991699,62.11991119,303.3473206
08_0058_S,843810.1281,246954.7436,381,47.53779829,21.62221332,119.526455,9.448127747,29686.87695,2.272849798,6.565011501,43.83088684,23.4828968,8664.393555,8889.393555,440.2510986,1.638961077,5.393064499,2.149521112,1837.728394,57.84276962,70.51048279
08_0059_S,843785.7785,246946.9824,382,47.53773573,21.62188668,117.0221093,7.920641899,26356.81445,1.317031741,6.349625587,61.23255539,16.77882195,8191.702148,10427.12109,358.1253662,1.28874445,22.75014687,,2146.087891,74.675354,40.18299103
08_0060_S,843772.5762,246973.2766,383,47.53797602,21.62172291,123.8166757,10.8592329,29907.76563,2.501636028,7.039533138,66.20446014,36.16907883,8803.194336,10394.54395,505.9517517,1.671716571,6.465698719,15.91762829,2349.782471,80.3321991,92.40948486
11_0048_S,844328.8851,245190.2422,384,47.521782,21.62832667,161.06,15.87084007,26847.79297,1.317031741,10.42008114,86.09207916,100.4250793,12604.73535,14017.33008,579.0004272,1.143944383,24.11531258,64.6301651,2617.88623,91.64589691,196.1851959
11_0049_S,844481.8878,245193.5528,385,47.52176633,21.63035867,162.12,13.01953316,39026.96484,1.868660808,6.40683794,78.94496918,36.89104843,8304.563477,9710.383789,371.9570618,1.238844752,10.26865196,36.18540192,2601.783691,79.0904541,96.02169037
11_0050_S,844738.0418,245299.4656,386,47.52264233,21.63380467,162.48,14.77250481,26367.2832,1.278900623,10.35277176,91.68547821,177.6766815,12626.53418,11775.89453,572.0845947,1.07598269,17.48451805,53.58772659,2558.307373,89.99022675,326.4504089
11_0052_S,844964.7194,245685.3625,387,47.526044,21.63698267,161.42,10.30642891,29878.45313,1.245853662,9.757095337,66.82593536,34.00314713,12129.2832,14525.56445,579.4326782,1.126494646,30.35605431,10.74585152,2682.29541,95.50911713,82.70167542
11_0053_S,845065.8953,245897.1372,388,47.52791767,21.63841867,167.48,15.68899632,30333.83789,1.594118118,10.23498344,97.27887726,80.31285095,12476.14551,11990.91406,440.6833801,1.165680051,20.50737953,61.69483185,2846.539063,96.88883209,207.3228302
11_0055_S,845162.8023,246279.8192,389,47.531329,21.63987333,169.18,15.74718571,29974.76367,0.544243157,11.04436207,151.6591034,78.86889648,13365.78809,13645.93066,627.411438,0.693317294,36.7918396,62.4636116,3373.890137,125.449028,204.0116425
11_0059_S,845137.1177,247261.7929,390,47.54016433,21.63996467,174.72,15.55079556,27546.04883,1.802566886,9.92031765,91.68547821,310.8299561,11783.25,9847.21582,477.8560791,1.302520514,14.16911602,60.22716141,2885.184814,93.30156708,235.0164032
11_0061_S,845317.6735,247669.3912,391,47.54377467,21.64254133,172.46,11.10653973,24848.28906,0.434934139,7.056359768,119.0309525,41.53232956,8389.416016,12929.19043,413.8844299,0.741073549,27.13817215,18.1540699,3042.182373,113.8593903,96.54846191
11_0066_S,845788.1983,248674.1291,392,47.55266633,21.64923233,166.3,17.60198975,25517.23242,2.206755877,11.40782642,106.9119415,142.19664,13302.73535,9352.012695,438.5221558,1.402320027,10.17114258,81.12393188,2662.16748,86.54093933,221.3201294
06_0164_S,845165.0731,248214.4016,393,47.54871967,21.64075533,164.66,,,,,,,,,,,,,,,
06_0036_S,842731.5865,249592.8909,394,47.56183319,21.60904279,155.06,,,,,,,,,,,,,,,
06_0037_S,842784.5704,249501.071,395,47.56099214,21.60970652,156.7,,,,,,,,,,,,,,,
06_0039_S,842856.5203,247894.7442,396,47.54653039,21.60996279,176.58,,,,,,,,,,,,,,,
06_0042_S,842279.9584,248886.0189,397,47.55561143,21.6027376,159.36,,,,,,,,,,,,,,,
06_0043_S,841865.0787,248492.4336,398,47.55219494,21.59705754,153.02,,,,,,,,,,,,,,,
06_0062_S,842063.8975,249667.9368,399,47.56270418,21.6002074,160.4,,,,,,,,,,,,,,,
07_0014_S,841348.8523,245837.6357,400,47.52847971,21.58905633,155.58,,,,,,,,,,,,,,,104.9769592
07_0025_S,840050.2294,246642.0583,401,47.53608973,21.57216411,118.0193795,,,,,,,,,,,,,,,
07_0026_S,840418.5443,246486.511,402,47.53458433,21.57698675,116.0051465,,,,,,,,,,,,,,,
06_0004_S,844279.3198,251508.3183,403,47.5785945,21.63043936,129.8456949,,,,,,,,,,,,,,,
06_0005_S,845696.951,248724.5125,404,47.55314656,21.64804292,177.28,,,,,,,,,,,,,,,
04_0012_S,842289.5249,243586.6286,405,47.50796771,21.60056626,110.1073322,7.978831768,31564.94531,2.143204689,,,18.22277832,,10590.01758,269.9482422,,,,,,44.69824982
04_0012_S,842361.2763,242512.546,406,47.49829068,21.60105275,114.2366421,7.978831768,31564.94531,2.143204689,,,18.22277832,,10590.01758,269.9482422,,,,,,44.69824982
04_0013_S,842682.9671,241950.5829,407,47.4931441,21.60507627,107.9509735,,,,,,,,,,,,,,,
04_0014_S,842126.6791,241823.2756,408,47.49216299,21.5976424,110.1750371,7.913368225,27641.31348,0.549327195,,,23.48290157,,14203.03271,327.0040131,,,,,,48.19757843
04_0015_S,843188.0265,242241.2709,409,47.49560863,21.611902,111.3372891,,,,,,,,,,,,,,,
04_0016_S,843427.7764,242399.2956,410,47.49695852,21.61515109,109.182467,,,,,,,,,,,,,,,
04_0017_S,842900.64,243150.6181,411,47.5038683,21.60848501,113.5783283,9.142630577,25160.25391,0.999273956,,,25.23626709,,12955.25391,423.3937073,,,,,,61.17894363
04_0018_S,844333.5603,243055.114,412,47.50258616,21.62745354,114.926455,,,,,,,,,,,,,,,
04_0019_S,844365.8574,243716.2611,413,47.50852019,21.62817156,114.0165428,11.99393654,30436.42969,1.065367937,,,30.18697739,,12727.20215,412.5877075,,,,,,76.22980499
04_0020_S,844114.5823,243857.7242,414,47.50986645,21.62489952,153.28,11.22291946,32873.51953,1.627163887,,,28.4336071,,12844.48535,422.5292358,,,,,,87.14167786
04_0021_S,843590.7448,243693.7682,415,47.50854756,21.6178775,151.54,8.728027344,,0.986563206,,,,,,,,,,,,
04_0022_S,844142.883,243392.8351,416,47.50567877,21.62507164,155.22,,28520.67383,,,,52.44944382,,14297.50977,540.5310059,,,,,,52.44944382
04_0023_S,843058.4373,242471.9498,417,47.49772063,21.61028332,146.725,10.45190334,27792.06055,1.113667011,,,51.94944382,,11521.77734,293.7214661,,,,,,104.9769592
06_0001_S,842638.3169,248739.813,418,47.55419167,21.607433,162.14,,,,,,,,,,,,,,,
06_0002_S,842632.7996,248767.2562,419,47.55444,21.60737167,162.6,,,,,,,,,,,,,,,
06_0003_S,842636.3901,248772.871,420,47.55435829,21.6073863,124.1031956,,,,,,,,,,,,,,,
09_0027_S,841599.7949,237930.5325,421,47.45732123,21.5889751,106.8354428,,,,,,,,,,,,,,,
06_0006_S,844503.1678,249558.4749,422,47.56099955,21.63255667,170.74,,,,,,,,,,,,,,,
06_0024_S,844400.5635,248779.2199,423,47.55402477,21.63085196,161.36,,,,,,,,,,,,,,,
999_0001_S,843667.0134,262860.7345,424,47.68082883,21.62728187,160.8649766,,,,,,,,,,,,,,,
999_0002_S,839255.2214,261303.4146,425,47.66812307,21.56788528,155.428179,,,,,,,,,,,,,,,
11_0028_S,844189.5796,246383.9341,426,47.53255438,21.62700063,168.88,,,,,,,,,,,,,,,
11_0028_S,844232.361,246029.2434,427,47.5293531,21.62741313,159.5,,,,,,,,,,,,,,,
05_0001_S,841012.4815,248617.6096,428,47.55356968,21.5857897,165.2999878,,,,,,,,,,,,,,,
05_0002_S,841004.5421,248681.5551,429,47.55414686,21.58571184,165.3799988,,,,,,,,,,,,,,,
05_0003_S,841613.6448,248785.2958,430,47.5549014,21.59384538,154.6999969,,,,,,,,,,,,,,,
05_0004_S,841554.5632,248687.0409,431,47.5540354,21.5930183,154.6999969,,,,,,,,,,,,,,,
05_0005_S,840608.958,248605.8026,432,47.5535812,21.580426,165.5,,,,,,,,,,,,,,,
05_0006_S,840523.4423,248266.9936,433,47.55056024,21.57914468,158.0999908,,,,,,,,,,,,,,,
05_0007_S,840703.9886,247814.8101,434,47.54644256,21.5813475,158.0999908,,,,,,,,,,,,,,,
06_0071_S,843042.7463,248630.3732,435,47.55308864,21.61275595,178.48,,,,,,,,,,,,,,,
10_0006_S,843534.6885,236165.118,436,,,,,,,,,,,,,,,,,,
999_0003_S,845454.8397,258412.122,437,47.64030596,21.6491092,150.7482916,,,,,,,,,,,,,,,
999_0004_S,844572.4432,235727.1957,438,47.43663767,21.62741433,138.22,,,,,,,,,,,,,,,
999_0005_S,844574.3071,235721.0281,439,47.43658167,21.62743633,139.3,,,,,,,,,,,,,,,
06_0083_S,842567.167,249821.5888,440,47.56393755,21.6069585,169.84,,,,,,,,,,,,,,,
06_0087_S,842246.2587,250072.5259,441,47.56628779,21.60280512,172.02,,,,,,,,,,,,,,,
06_0096_S,844087.0048,247756.173,442,47.54492092,21.62623992,180.38,,,,,,,,,,,,,,,
06_0098_S,843997.9802,247649.71,443,47.54399024,21.62501132,177.5,,,,,,,,,,,,,,,
05_0008_S,841568.3646,248241.5988,444,47.5500269,21.59300896,115.1878983,,,,,,,,,,,,,,,
05_0009_S,841506.0162,247905.7277,445,47.54702571,21.59203589,114.3663641,,,,,,,,,,,,,,,
05_0010_S,841537.5698,247719.8578,446,47.54534552,21.59237451,114.2634982,,,,,,,,,,,,,,,
05_0011_S,841347.6552,247749.8606,447,47.5456708,21.58986589,115.4976154,,,,,,,,,,,,,,,
06_0112_S,842816.7997,248180.316,448,47.54910933,21.60955967,152.72,,,,,,,,,,,,,,,
06_0113_S,843165.0994,248966.6214,449,47.55607533,21.61452733,158.82,,,,,,,,,,,,,,,
06_0115_S,843553.2659,248797.6182,450,47.55444133,21.61960833,171.1,,,,,,,,,,,,,,,
06_0119_S,843726.3294,248334.4478,451,47.55022633,21.621704,170.8,,,,,,,,,,,,,,,
06_0120_S,843928.5062,248067.2785,452,47.54776467,21.62427167,157.74,,,,,,,,,,,,,,,
06_0122_S,844047.5679,248100.7834,453,,,,,,,,,,,,,,,,,,
08_0040_S,844071.0274,246899.4963,454,47.53722433,21.62565267,191.54,,,,,,,,,,,,,,,
11_0038_S,844264.1043,246604.8214,455,47.534518,21.62808667,167.78,,,,,,,,,,,,,,,
11_0040_S,844647.702,246660.8426,456,47.53490767,21.63320333,167.88,,,,,,,,,,,,,,,
11_0041_S,844883.1105,246801.2293,457,47.53609967,21.63639,164.3,,,,,,,,,,,,,,,
06_0124_S,844033.8806,247414.5246,458,47.54186533,21.625385,167.5,,,,,,,,,,,,,,,
06_0125_S,843451.0235,247352.5066,459,47.54148033,21.61761967,169.5,,,,,,,,,,,,,,,
06_0139_S,844062.1874,249535.1351,460,47.56092067,21.62668971,168.8,,,,,,,,,,,,,,,
06_0145_S,844367.3777,249588.338,461,47.56130836,21.63076633,177.34,,,,,,,,,,,,,,,
06_0146_S,844364.7094,249573.5315,462,47.56117605,21.63072439,177.72,,,,,,,,,,,,,,,
06_0153_S,843718.4279,249265.2432,463,47.55859629,21.62200612,167.92,,,,,,,,,,,,,,,
06_0154_S,843836.9605,249186.9673,464,47.5578575,21.62354605,172.64,,,,,,,,,,,,,,,
11_0051_S,844853.7127,245503.2615,465,47.52444,21.63542933,161.64,,,,,,,,,,,,,,,
11_0054_S,845127.7706,246085.9195,466,47.52959633,21.639323,154.22,,,,,,,,,,,,,,,
11_0056_S,845140.2118,246465.8016,467,47.53300767,21.63965533,163.38,,,,,,,,,,,,,,,
11_0057_S,845083.803,246785.7057,468,47.53590033,21.63904733,172.8,,,,,,,,,,,,,,,
11_0058_S,845056.5433,247045.9891,469,47.53824833,21.6388,166.44,,,,,,,,,,,,,,,
11_0060_S,845211.191,247458.4348,470,47.54191,21.64103467,166.1,,,,,,,,,,,,,,,
11_0062_S,845417.4948,247864.481,471,47.54549867,21.64395267,169.16,,,,,,,,,,,,,,,
11_0063_S,845511.7891,248082.8976,472,47.547434,21.645301,165.8,,,,,,,,,,,,,,,
11_0064_S,845633.6769,248318.3262,473,47.549514,21.64702333,172.94,,,,,,,,,,,,,,,
11_0065_S,845687.9989,248477.6471,474,47.55093,21.647815,167.02,,,,,,,,,,,,,,,
06_0163_S,845516.0539,248496.1802,475,47.551148,21.64554,163.86,,,,,,,,,,,,,,,
06_0165_S,844889.7688,248189.776,476,47.54858033,21.637089,176.2,,,,,,,,,,,,,,,
06_0166_S,844609.9917,248139.4307,477,47.548211,21.633352,165.76,,,,,,,,,,,,,,,
06_0167_S,844432.0791,248051.2692,478,47.54747133,21.630951,160.78,,,,,,,,,,,,,,,
06_0168_S,844380.3306,248195.8744,479,47.54878667,21.63032733,184.68,,,,,,,,,,,,,,,
21_0001_S,845963.934,239957.7878,480,47.474256,21.647716,146.44,,,,,,,,,,,,,,,
21_0002_S,845231.3181,239134.6433,481,47.46707467,21.63764033,149.1,,,,,,,,,,,,,,,
21_0003_S,845210.55,239962.5139,482,47.47452333,21.63772867,148.6,,,,,,,,,,,,,,,
21_0004_S,845110.5125,240970.6695,483,47.48361633,21.636845,151.26,,,,,,,,,,,,,,,
21_0005_S,845311.6179,240909.2575,484,47.48300433,21.639485,143.52,,,,,,,,,,,,,,,
04_0024_S,842102.709,242286.0097,485,47.49633,21.59752467,152.66,,,,,,,,,,,,,,,
07_0042_S,841650.9583,244015.6376,486,47.51201167,21.592279,145.74,,,,,,,,,,,,,,,
21_0006_S,845969.9701,239231.3188,487,47.46772333,21.64747567,151.44,,,,,,,,,,,,,,,
21_0007_S,843876.302,238427.0923,488,47.461116,21.61936733,149.26,,,,,,,,,,,,,,,
04_0025_S,842694.7056,238330.0136,489,47.46059167,21.60366167,146.6,,,,,,,,,,,,,,,
04_0026_S,842505.9369,238601.0019,490,47.46308333,21.60127667,146,,,,,,,,,,,,,,,
04_0027_S,842477.5235,239083.6448,491,47.46743067,21.601109,144.28,,,,,,,,,,,,,,,
10_0006_S,842721.0379,238055.3483,492,47.45811467,21.60389167,143.4,,,,,,,,,,,,,,,
